Date,Close/Last,Volume,Open,High,Low
05/02/2022,10.97,10925540,$10.09,$10.98,$9.75
04/29/2022,10.14,7931939,$10.82,$11.4606,$10.11
04/28/2022,10.94,10367360,$11.1,$11.37,$10.35
04/27/2022,10.98,8272897,$10.825,$11.7,$10.7803
04/26/2022,11.08,8596319,$11.97,$12.04,$10.965
04/25/2022,12.04,9640841,$11.515,$12.12,$11.42
04/22/2022,11.85,9682625,$12.655,$13.1,$11.82
04/21/2022,12.8,10523800,$14.46,$14.7264,$12.76
04/20/2022,13.95,8423935,$14.93,$15.11,$13.845
04/19/2022,14.88,7729844,$14.82,$15.21,$14.23
04/18/2022,14.79,6212918,$14.75,$15.06,$14.265
04/14/2022,14.97,6280376,$15.96,$16.07,$14.96
04/13/2022,16.01,6376602,$15.45,$16.1,$15.31
04/12/2022,15.47,6857767,$16.3,$16.94,$15.37
04/11/2022,15.91,5646748,$16.1,$16.45,$15.47
04/08/2022,16.68,6101409,$17.13,$17.51,$16.62
04/07/2022,17.42,6392814,$17.56,$17.98,$16.7703
04/06/2022,17.66,9199587,$18.54,$18.675,$17.38
04/05/2022,19.23,6467137,$20.75,$21.01,$19.16
04/04/2022,20.69,6440142,$20.73,$21.0434,$20.37
04/01/2022,20.73,8035128,$20.6,$21.38,$20.31
03/31/2022,21.17,6034413,$22.15,$22.87,$21.12
03/30/2022,22.04,5626485,$22.53,$22.98,$21.75
03/29/2022,23,8443921,$23.08,$23.108,$21.58
03/28/2022,22.86,14306660,$22.145,$23.66,$21.9
03/25/2022,20.76,7261442,$22,$22.27,$20.32
03/24/2022,21.54,7709309,$21.18,$21.6,$20.23
03/23/2022,20.84,7400920,$20.52,$21.46,$19.9448
03/22/2022,20.75,9264403,$20.46,$21.4,$20.21
03/21/2022,19.62,8611872,$19.575,$20.41,$19.02
03/18/2022,19.53,13580170,$18.09,$19.8,$17.88
03/17/2022,18.43,10398050,$16.12,$18.49,$16.03
03/16/2022,16.39,8028697,$15.2,$16.42,$15.11
03/15/2022,14.91,4296367,$14.2,$14.97,$13.57
03/14/2022,14.16,6032826,$15,$15.24,$14.02
03/11/2022,15.14,5723877,$16.6,$16.72,$15.0901
03/10/2022,16.51,6341083,$16.13,$16.74,$15.83
03/09/2022,16.84,10942780,$16.08,$17.18,$16.038
03/08/2022,15.1,6857951,$14.8,$15.7386,$14.42
03/07/2022,14.95,8568976,$15.05,$15.725,$14.66
03/04/2022,14.92,6593257,$15.73,$16.29,$14.72
03/03/2022,15.97,7159144,$17.59,$17.89,$15.8428
03/02/2022,17.73,7997412,$17.39,$17.84,$16.77
03/01/2022,17.5,13192360,$18.19,$18.22,$16.74
02/28/2022,17.23,13831650,$16.13,$17.8,$16.06
02/25/2022,16.22,7577634,$16.41,$16.7,$15.585
02/24/2022,16.25,12252550,$13.69,$16.39,$13.63
02/23/2022,15.07,7533069,$16.58,$16.7895,$15.02
02/22/2022,15.95,7301481,$16.114,$16.9958,$15.71
02/18/2022,16.97,6579072,$17.68,$17.84,$16.7301
02/17/2022,17.76,7025316,$19,$19.34,$17.6
02/16/2022,19.59,6371108,$19.1336,$19.86,$18.9601
02/15/2022,19.73,10252310,$19.06,$19.85,$18.85
02/14/2022,17.92,7381645,$18.36,$19.09,$17.67
02/11/2022,18.37,10814830,$19.3,$20.08,$18.09
02/10/2022,19.27,14023050,$18.93,$20.83,$18.89
02/09/2022,19.65,10223470,$18.63,$19.67,$18.19
02/08/2022,18.29,10474540,$17.523,$18.41,$17.2
02/07/2022,17.7,17911450,$17.71,$18.535,$17.31
02/04/2022,16.57,15549190,$15.11,$16.89,$14.71
02/03/2022,14.79,8051605,$14.84,$15.66,$14.64
02/02/2022,15.57,8767237,$16.444,$16.73,$15.065
02/01/2022,16.69,9899994,$16.56,$16.99,$15.67
01/31/2022,15.94,10073370,$14.905,$16.17,$14.65
01/28/2022,14.7,11342340,$13.65,$14.785,$13.12
01/27/2022,13.45,11443850,$14.4,$14.57,$13.21
01/26/2022,14.33,15108580,$15.856,$16.1,$14.07
01/25/2022,14.64,10972480,$14.479,$15.2,$14.04
01/24/2022,15.13,23238090,$13.48,$15.1688,$12.9
01/21/2022,14.995,17283660,$16.3,$16.96,$14.9
01/20/2022,17.47,8606305,$18.01,$19.14,$17.43
01/19/2022,17.49,8711989,$19.01,$19.295,$17.4
01/18/2022,18.7,8612805,$19.675,$20.1899,$18.61
01/14/2022,20.68,6676436,$19.86,$20.84,$19.72
01/13/2022,20.15,8280916,$21.745,$21.98,$20.03
01/12/2022,21.13,9560988,$21.716,$22.1,$20.7
01/11/2022,20.86,9509864,$19.91,$21.35,$19.595
01/10/2022,20.09,9888276,$19.31,$20.465,$18.75
01/07/2022,20.36,11922030,$19.985,$21.0564,$19.45
01/06/2022,20.48,11418290,$21.165,$21.61,$19.595
01/05/2022,21.44,13214470,$23.77,$24.2,$21.19
01/04/2022,24.38,11870020,$23.3,$24.625,$23.02
01/03/2022,22.74,7246310,$22.45,$23.1399,$21.9032
12/31/2021,22.33,8680598,$23.53,$23.95,$22.31
12/30/2021,23.5,8721634,$22.82,$24.3799,$22.62
12/29/2021,23,7342333,$23.13,$23.89,$22.55
12/28/2021,23.65,9570869,$24.76,$24.94,$23.26
12/27/2021,25.85,9713741,$25.89,$26.79,$25.42
12/23/2021,25.67,13639460,$23.5747,$26.18,$22.9576
12/22/2021,23.62,7726193,$23.76,$24.85,$23.32
12/21/2021,24.05,8805353,$23.45,$24.3,$23.02
12/20/2021,22.52,10172340,$22.36,$23.06,$21.71
12/17/2021,23.24,13789350,$23.36,$24.0487,$21.82
12/16/2021,23.88,11068190,$25.82,$26.28,$23.3118
12/15/2021,25.87,14907580,$24.68,$26.5115,$23.04
12/14/2021,24.93,9702208,$23.8,$25.4774,$23.6
12/13/2021,24.37,11565880,$25.56,$25.59,$23.95
12/10/2021,26,10045610,$27.205,$27.53,$25.35
12/09/2021,26.5,13750850,$28.692,$28.8,$26.4
12/08/2021,29.34,10704210,$29.59,$30.25,$28.72
12/07/2021,29.68,13153630,$29.898,$30.67,$29.02
12/06/2021,28.14,20225290,$26.47,$29.37,$25
12/03/2021,28.64,24201300,$33.55,$34.1,$27.8
12/02/2021,32.97,19444890,$34.98,$36.5713,$31.61
12/01/2021,35.6,22588640,$38.61,$40.95,$35.18
11/30/2021,37.37,22146600,$37.86,$40.08,$35.5077
11/29/2021,37.37,16308270,$36.33,$38.06,$33.6669
11/26/2021,34.92,8234573,$34.8,$36.4,$34.35
11/24/2021,37,11818410,$34.41,$37.1444,$33.62
11/23/2021,36.13,13270020,$33.81,$36.17,$33.36
11/22/2021,33.45,16233150,$36.54,$37.02,$32.55
11/19/2021,36.18,14420700,$34.0426,$36.8,$33.8574
11/18/2021,33.63,18520100,$34.445,$35.17,$31.42
11/17/2021,35.28,15912630,$37.6,$38.3251,$34.87
11/16/2021,36.9,27773850,$36.4,$39.33,$35.15
11/15/2021,42.09,28541570,$45.94,$46.28,$41.08
11/12/2021,44.19,23594830,$39.69,$44.29,$37.78
11/11/2021,39.53,13000430,$37.491,$39.8,$37.16
11/10/2021,36.49,28296280,$41.13,$41.76,$35.8008
11/09/2021,39.86,29118920,$41.1,$42.8399,$37.08
11/08/2021,36.69,27320270,$33.955,$37.75,$33.77
11/05/2021,31.49,8936258,$33.05,$33.3,$31.21
11/04/2021,32.72,15392390,$32.7,$34.2,$31.95
11/03/2021,32.76,16720160,$31.07,$32.98,$29.79
11/02/2021,31.9,22518560,$28.914,$31.98,$28.6701
11/01/2021,28.09,10537250,$27.315,$28.76,$27.01
10/29/2021,27.22,9420697,$27.42,$28.2041,$26.81
10/28/2021,27.54,8482614,$27.52,$28.01,$26.32
10/27/2021,26.59,9726386,$27.46,$27.79,$26.45
10/26/2021,28.44,8672561,$29.45,$29.52,$28.1802
10/25/2021,29.59,11337080,$29.12,$30.4244,$28.86
10/22/2021,28.28,10903380,$29.03,$29.43,$27.57
10/21/2021,29.44,15225630,$31.29,$32.05,$29.1
10/20/2021,31.44,21216220,$30.95,$32.83,$30.4001
10/19/2021,30.83,26639530,$30.597,$31.8,$29.06
10/18/2021,29.8,22704090,$27.815,$30.98,$27.72
10/15/2021,27.85,28983590,$27.48,$28.58,$26.68
10/14/2021,26.12,9822130,$26,$26.39,$25.42
10/13/2021,25.64,10188030,$25.45,$26.3,$24.63
10/12/2021,25.51,12790220,$27.43,$27.55,$25.15
10/11/2021,27.63,16105930,$26.21,$28.9,$26.06
10/08/2021,25.83,8259192,$26.48,$26.74,$25.68
10/07/2021,26.12,9209320,$26.3,$26.66,$25.58
10/06/2021,26.61,16411890,$27.33,$28.09,$26.34
10/05/2021,26.34,10643890,$25.5,$26.56,$25.17
10/04/2021,25.25,8385437,$25.943,$25.97,$24.35
10/01/2021,26.1,9501517,$27.2,$27.31,$25.74
09/30/2021,25.7,6539362,$25.46,$26.33,$25.3
09/29/2021,24.87,5357891,$26.06,$26.2023,$24.82
09/28/2021,25.78,6684965,$27.4,$27.78,$25.68
09/27/2021,27.77,6440927,$27.84,$28.45,$27.18
09/24/2021,27.93,7881464,$27.656,$28.54,$27.17
09/23/2021,29.39,6239127,$28.87,$29.5,$28.44
09/22/2021,28.73,6236981,$27.482,$29.0682,$27.11
09/21/2021,27.36,6340357,$27.8,$27.874,$26.94
09/20/2021,27.53,10260880,$27.25,$28.39,$26.8712
09/17/2021,29.3,6795645,$29.294,$29.7399,$28.8
09/16/2021,29.37,7185741,$30.1,$30.36,$29.08
09/15/2021,30.33,9600062,$29.72,$30.52,$29.04
09/14/2021,28.84,7461811,$30.06,$30.33,$28.69
09/13/2021,29.3,10625160,$29.3,$30.52,$28.8801
09/10/2021,29.62,9129976,$31.25,$31.72,$29.46
09/09/2021,31.35,8909250,$31.12,$31.97,$30.8
09/08/2021,30.385,8526842,$32.08,$32.32,$30.26
09/07/2021,32.11,17896420,$34.172,$34.7,$30.91
09/03/2021,34.43,17027650,$36.52,$37.32,$34.1846
09/02/2021,35.96,16685280,$37.82,$38.29,$35.91
09/01/2021,36.5,15357400,$37.44,$38.7095,$36.28
08/31/2021,37.32,7035316,$37.489,$37.99,$36.54
08/30/2021,37.7,7975601,$37.8,$38.4456,$36.7004
08/27/2021,38.57,12115330,$36.537,$39.35,$36.35
08/26/2021,36.28,6640416,$37.195,$38.06,$35.822
08/25/2021,37.72,12404570,$36.85,$38.74,$36.65
08/24/2021,37.63,11224150,$36.066,$37.63,$34.85
08/23/2021,35.73,11981390,$36.68,$37.3,$35.04
08/20/2021,34.33,11635880,$32.71,$35.28,$32.6354
08/19/2021,32.08,9289840,$31.26,$32.73,$30.8601
08/18/2021,31.89,7315810,$32.48,$33.84,$31.79
08/17/2021,32.76,7874576,$35.395,$35.8,$32.41
08/16/2021,35.83,7527709,$36.17,$36.97,$34.6093
08/13/2021,35.81,9797004,$38.09,$38.82,$35.65
08/12/2021,36.83,7284606,$35.89,$37.6701,$34.7
08/11/2021,37.76,14019120,$39.427,$40.8,$37.2
08/10/2021,38.49,12301880,$38.17,$39.0405,$36.59
08/09/2021,37.83,24700590,$37.085,$39.95,$36.52
08/06/2021,34.97,11749480,$33.62,$35.76,$32.81
08/05/2021,33.59,10273800,$31.8,$34.28,$30.85
08/04/2021,32.71,9251090,$32,$33.8,$31.75
08/03/2021,31.48,8041859,$32.79,$33.0999,$30.79
08/02/2021,33.45,11575920,$32.92,$35.39,$32.43
07/30/2021,32.95,5497252,$31.66,$33.1,$31.35
07/29/2021,31.9,7116203,$32.94,$34.02,$31.88
07/28/2021,32.96,8729122,$33.1,$33.89,$32.02
07/27/2021,31.64,8746227,$32.64,$33.65,$30.4701
07/26/2021,34,23666940,$32.5,$34.72,$31.7
07/23/2021,28.1,7639671,$28.877,$29.75,$27.05
07/22/2021,28.87,7155457,$29.17,$29.44,$27.72
07/21/2021,29.16,11923060,$27.8,$29.91,$27.61
07/20/2021,25.85,6995492,$25.37,$26.32,$23.93
07/19/2021,25.96,6156008,$25.99,$26.87,$25.57
07/16/2021,27.28,4685489,$28.4,$28.75,$27.16
07/15/2021,28.22,4710476,$27.849,$29.36,$27.36
07/14/2021,28.59,5016881,$30.634,$30.73,$28.51
07/13/2021,30.06,4132921,$31.4,$31.5,$30.0201
07/12/2021,31.4,5351139,$33.01,$33.11,$30.84
07/09/2021,32.83,5794639,$33.98,$34.49,$32.6524
07/08/2021,33.72,5669550,$33.54,$34.24,$32.38
07/07/2021,35.44,5920294,$35.76,$36.95,$34.96
07/06/2021,35.43,6065851,$36.98,$37.2799,$34.53
07/02/2021,36.23,4642458,$36.5,$37.08,$35.91
07/01/2021,36.21,6563290,$37.23,$37.65,$35.8
06/30/2021,37.67,8321170,$36.63,$38.22,$35.76
06/29/2021,37.81,14903750,$38,$40.34,$37.1255
06/28/2021,36.18,11326680,$34.11,$36.585,$33.41
06/25/2021,32.97,18800890,$33,$33.61,$32.38
06/24/2021,34.02,9375429,$33.11,$34.1499,$32.85
06/23/2021,32.48,10016820,$33.95,$34.62,$32.32
06/22/2021,32.23,17705220,$29.38,$32.5,$28.4
06/21/2021,31.57,11017930,$30.38,$32.0499,$30.005
06/18/2021,32.18,10785840,$33.6594,$34.2795,$31.68
06/17/2021,34.3,10132190,$34,$35.92,$33.75
06/16/2021,34.2,10166400,$33.922,$35.12,$33.21
06/15/2021,35.06,12984930,$36.06,$36.67,$33.81
06/14/2021,35.4,25488970,$34.01,$38.08,$33.38
06/11/2021,31.03,8444021,$31.198,$31.87,$30.14
06/10/2021,31.64,14163460,$31.77,$32.69,$30.41
06/09/2021,31.41,21515690,$28.63,$33.09,$28.3501
06/08/2021,28.06,13799470,$27.38,$28.43,$25.2901
06/07/2021,28.82,8729932,$29.227,$29.49,$27.9
06/04/2021,29.15,9402455,$27.96,$29.18,$27.6
06/03/2021,28.28,11061760,$30.477,$30.52,$28.01
06/02/2021,30.03,14458580,$30.28,$31.0599,$29.1
06/01/2021,29.23,14647720,$27.1,$29.87,$27.06
05/28/2021,27.13,13679840,$27.401,$28.72,$26.73
05/27/2021,28.5,23524240,$28.85,$29.6,$27.28
05/26/2021,27.64,28262440,$26.68,$28.63,$26.03
05/25/2021,25.14,16489510,$24.98,$25.86,$24.35
05/24/2021,25.95,22951140,$23.45,$26.3,$22.77
05/21/2021,22.84,24553770,$24.45,$25.46,$22.46
05/20/2021,24.18,24949520,$26.07,$26.5784,$23.1263
05/19/2021,24.14,41600080,$21.95,$24.38,$21.61
05/18/2021,25.56,24456870,$23.2,$26.8,$23.12
05/17/2021,24.31,19652800,$23.4,$24.52,$22.52
05/14/2021,26.02,22633660,$24.05,$26.8,$23.63
05/13/2021,22.23,36110500,$24.91,$26.95,$20.6801
05/12/2021,26.52,15277550,$28.254,$29.6,$26.08
05/11/2021,29.87,19802840,$25.99,$30.8,$25.65
05/10/2021,29.95,15802820,$33.33,$33.4,$29.88
05/07/2021,33.39,11020940,$33.8,$35.52,$32.62
05/06/2021,33.45,14595140,$36.39,$36.6494,$32
05/05/2021,36.62,12083470,$38.16,$39.11,$36
05/04/2021,37.57,15015600,$38.604,$39,$35.1
05/03/2021,39.99,14120730,$42.88,$44.1,$39.32
04/30/2021,41.83,15422820,$40.81,$43.38,$40.45
04/29/2021,40.33,12765250,$41.95,$42.73,$39.42
04/28/2021,43.93,15088660,$40.18,$44.155,$39.41
04/27/2021,40.52,13779310,$41.65,$41.83,$39.8207
04/26/2021,40.89,19234300,$41.272,$42.1612,$39.55
04/23/2021,38.48,25879720,$34.09,$38.91,$33.37
04/22/2021,36.49,27895060,$40.58,$42.2099,$36.37
04/21/2021,41.31,26801740,$36.99,$42.07,$36.06
04/20/2021,38.56,29240870,$40.54,$41.1,$35.71
04/19/2021,40.9,28356430,$40.35,$43.31,$38.71
04/16/2021,44.64,24637470,$45.01,$47.56,$42.8
04/15/2021,48.11,39017150,$50.87,$52.42,$43.29
04/14/2021,50.16,52949230,$60.797,$61.55,$49.3
04/13/2021,59.26,42774270,$56.44,$59.96,$52.86
04/12/2021,51.53,23779380,$52.5,$55.7869,$50.62
04/09/2021,49.63,13678590,$50.48,$51.6,$47.76
04/08/2021,49.55,13416220,$50.52,$51.8899,$49.35
04/07/2021,48.37,16833140,$50.522,$53.025,$47.7
04/06/2021,54.1,15194780,$56,$56.3599,$52.3063
04/05/2021,56.9,18908720,$52.107,$57.85,$50.39
04/01/2021,52.03,15058040,$54.75,$56.8235,$51.12
03/31/2021,53.27,21061700,$50.73,$54.58,$49.41
03/30/2021,51.51,18358730,$48.83,$52.1894,$47.42
03/29/2021,47.89,17849770,$51.51,$52.75,$47.3
03/26/2021,48.22,15141590,$49.41,$49.8,$45.85
03/25/2021,48.17,26951370,$39.38,$49.29,$39.13
03/24/2021,45.71,20265120,$54.36,$55.71,$45
03/23/2021,50.12,18373720,$54.91,$57.44,$50.01
03/22/2021,56.01,17993730,$59.95,$60.69,$55.17
03/19/2021,60.65,18072840,$61.03,$63.7,$59.5
03/18/2021,60.19,28855880,$63,$67.85,$59.15
03/17/2021,64.74,26146190,$54.8,$65.159,$53.4
03/16/2021,56.98,18223100,$62,$62.17,$55.7
03/15/2021,63.43,22488730,$62.78,$67.66,$62.7107
03/12/2021,62.81,26820460,$58.1,$65.75,$57.7
03/11/2021,63.31,29031950,$57.96,$63.6946,$56.72
03/10/2021,56.5,35830640,$57.5,$59.33,$52.8
03/09/2021,52.16,36308270,$43.95,$54,$43.72
03/08/2021,38.98,17403020,$42.2,$43.65,$37.62
03/05/2021,40.3,27668290,$44.99,$45.25,$34.25
03/04/2021,44.29,20168780,$47.4,$49,$41.33
03/03/2021,49.57,21775370,$55.14,$55.2803,$48.6
03/02/2021,49.1,23546280,$57,$57.02,$48.5
03/01/2021,53.6,26614510,$49.04,$53.81,$46.58
02/26/2021,43.74,23843620,$41.99,$47.75,$40.55
02/25/2021,45.67,23574610,$54.33,$55.89,$45.22
02/24/2021,52.27,33336870,$53.41,$56.46,$50.86
02/23/2021,48.8,52317030,$53.7,$56.89,$45.02
02/22/2021,64.76,52489460,$61,$69.45,$59.7
02/19/2021,71.33,75047070,$68.8,$77.82,$67.42
02/18/2021,62.03,86796140,$72.76,$78.75,$58.77
02/17/2021,77.9,72578480,$67.84,$79.5,$61.7003
02/16/2021,59.5,43863930,$55.045,$61.2685,$54.35
02/12/2021,49.28,48423860,$46.14,$52.73,$43.66
02/11/2021,43.09,39870510,$42.3549,$46.64,$40.8301
02/10/2021,36.56,27942700,$37.04,$39.74,$32.25
02/09/2021,39.86,53085090,$35.56,$41.88,$33.23
02/08/2021,32.79,52243980,$27.3,$32.9,$25.9
02/05/2021,23.38,12295600,$23.58,$24.3875,$22.93
02/04/2021,23.08,12936740,$23.47,$23.5,$21.42
02/03/2021,22.85,18199940,$22.14,$23.64,$21.72
02/02/2021,21.49,15361840,$20.56,$22.18,$19.62
02/01/2021,19.98,13088890,$20.17,$20.48,$18.69
01/29/2021,20.52,26696140,$24.5,$24.7351,$19.66
01/28/2021,19.93,26695000,$18.39,$22.41,$17.75
01/27/2021,17.93,13308790,$17.79,$18.93,$16.75
01/26/2021,19.32,14084380,$18.98,$20.3,$18.37
01/25/2021,19.67,19272000,$22.01,$22.25,$19.16
01/22/2021,20.97,30545080,$20.3,$22.5,$20.28
01/21/2021,19.35,38293040,$19.37,$20.47,$17.9
01/20/2021,22.28,26544460,$24.28,$24.28,$20.7
01/19/2021,25.2,20272300,$26.7,$27.1954,$24.75
01/15/2021,25.78,28732180,$27,$27.15,$24.51
01/14/2021,28.9,37560980,$25.9,$29.28,$25.56
01/13/2021,23.88,24905720,$23.65,$25.0794,$22.52
01/12/2021,24.21,29022140,$23.28,$24.91,$22.0822
01/11/2021,22.64,55243830,$21,$24,$20.26
01/08/2021,26.59,57499660,$24.77,$27.39,$23.59
01/07/2021,22.72,59358050,$20.84,$24.7,$19.8701
01/06/2021,19.28,40860400,$18.89,$20.68,$18.12
01/05/2021,18.41,28099780,$15.75,$18.65,$15.35
01/04/2021,16.48,32293630,$18.8,$19.23,$15.85
12/31/2020,16.99,39818150,$17.48,$18.6689,$16.42
12/30/2020,17.26,42958130,$16.99,$18.16,$16.43
12/29/2020,15.79,23106640,$15.5,$16.45,$14.19
12/28/2020,15.65,44305760,$15.45,$17.43,$14.71
12/24/2020,13.12,15979960,$14.07,$14.96,$12.8
12/23/2020,13.91,32496230,$14.96,$15.01,$13.31
12/22/2020,14.645,70429670,$11.92,$15.7,$11.63
12/21/2020,11.04,24335610,$9.89,$11.32,$9.75
12/18/2020,10.05,27783370,$9.95,$10.59,$9.65
12/17/2020,10.395,47489450,$11.645,$11.85,$10.28
12/16/2020,10.76,51278730,$11.25,$11.66,$10.53
12/15/2020,10.18,24809370,$9.25,$10.2999,$9.1
12/14/2020,9.14,17807830,$9.26,$9.89,$8.9
12/11/2020,8.66,10823800,$9,$9.27,$8.44
12/10/2020,9.34,12211540,$8.47,$9.59,$8.46
12/09/2020,8.85,16849800,$9.82,$10.0901,$8.36
12/08/2020,9.87,17488530,$10.7,$10.92,$9.3828
12/07/2020,10.63,27428870,$9.54,$11.29,$9.5
12/04/2020,10,32322240,$9.404,$10.59,$9.11
12/03/2020,9.66,29297460,$8.81,$10.14,$8.5
12/02/2020,8.51,14162440,$8.42,$8.54,$7.8
12/01/2020,8.81,28960200,$8.17,$9.09,$7.81
11/30/2020,8.45,46491830,$7.09,$8.48,$6.9
11/27/2020,6.25,13230050,$6.15,$6.61,$6.01
11/25/2020,7.08,17377810,$7.09,$7.58,$6.84
11/24/2020,6.81,28281000,$7.59,$7.6,$6.46
11/23/2020,7.23,39777790,$6.32,$7.38,$6.19
11/20/2020,5.995,34199630,$6.17,$6.56,$5.83
11/19/2020,6,22024620,$5.46,$6,$5.41
11/18/2020,5.25,48455910,$6.39,$6.44,$5.05
11/17/2020,6.085,82187030,$4.236,$6.29,$4.07
11/16/2020,4.1,11278290,$4.02,$4.1696,$3.81
11/13/2020,3.98,11358500,$3.77,$4.12,$3.595
11/12/2020,3.7,5261240,$3.765,$3.81,$3.54
11/11/2020,3.6,7266692,$3.501,$3.76,$3.415
11/10/2020,3.45,3934332,$3.447,$3.48,$3.2
11/09/2020,3.5,5480289,$3.51,$3.62,$3.33
11/06/2020,3.65,5328905,$3.82,$3.82,$3.61
11/05/2020,3.75,11977220,$3.83,$3.98,$3.66
11/04/2020,3.55,7842078,$3.59,$3.73,$3.38
11/03/2020,3.5,5559642,$3.35,$3.59,$3.2982
11/02/2020,3.29,3253474,$3.26,$3.39,$3.14
10/30/2020,3.27,6940118,$3.48,$3.54,$3.18
10/29/2020,3.55,4609848,$3.5,$3.73,$3.44
10/28/2020,3.5,8592439,$3.71,$3.83,$3.36
10/27/2020,4.02,10807140,$4.03,$4.16,$3.86
10/26/2020,3.85,6772341,$3.98,$4.03,$3.61
10/23/2020,3.91,7305408,$3.97,$4.01,$3.68
10/22/2020,4.055,15856070,$4.18,$4.26,$3.83
10/21/2020,3.98,18072940,$3.93,$4.14,$3.76
10/20/2020,3.54,13717640,$3.45,$3.77,$3.41
10/19/2020,3.3,8909431,$3.32,$3.55,$3.25
10/16/2020,3.11,4218158,$3.37,$3.37,$3.11
10/15/2020,3.4,3611694,$3.1758,$3.47,$3.0757
10/14/2020,3.28,4023857,$3.33,$3.49,$3.21
10/13/2020,3.37,5209333,$3.467,$3.47,$3.22
10/12/2020,3.5,12692080,$3.22,$3.65,$3.16
10/09/2020,3.095,6530972,$3.15,$3.15,$2.96
10/08/2020,2.93,9775065,$2.77,$3.0899,$2.72
10/07/2020,2.66,2148065,$2.57,$2.66,$2.5473
10/06/2020,2.57,2444310,$2.66,$2.67,$2.53
10/05/2020,2.66,2047474,$2.63,$2.68,$2.57
10/02/2020,2.6,2138329,$2.53,$2.61,$2.5
10/01/2020,2.65,1740133,$2.71,$2.74,$2.62
09/30/2020,2.7,1901494,$2.73,$2.7567,$2.63
09/29/2020,2.76,2004134,$2.7,$2.78,$2.66
09/28/2020,2.74,3243351,$2.79,$2.81,$2.66
09/25/2020,2.68,3685847,$2.66,$2.78,$2.6
09/24/2020,2.69,4218775,$2.55,$2.77,$2.35
09/23/2020,2.6,4315443,$2.9,$2.92,$2.6
09/22/2020,2.93,2511286,$2.95,$2.96,$2.835
09/21/2020,2.93,3625482,$2.85,$3.03,$2.75
09/18/2020,3.05,3944331,$3.03,$3.06,$2.88
09/17/2020,3,2852433,$2.92,$3.06,$2.9
09/16/2020,3.05,6396200,$3.02,$3.28,$2.96
09/15/2020,3,2856058,$3.11,$3.13,$2.95
09/14/2020,3.02,4284448,$3.0683,$3.12,$2.8737
09/11/2020,2.91,2951042,$2.87,$2.9699,$2.75
09/10/2020,2.81,4480874,$3.01,$3.2,$2.78
09/09/2020,2.95,3976614,$2.88,$3.09,$2.88
09/08/2020,2.82,4434856,$2.84,$3.02,$2.63
09/04/2020,3.11,8056210,$3.08,$3.2,$2.54
09/03/2020,3.16,5900052,$3.1,$3.29,$3.06
09/02/2020,3.43,5030501,$3.51,$3.52,$3.3
09/01/2020,3.75,8504924,$3.52,$3.88,$3.42
08/31/2020,3.5,4588168,$3.66,$3.7,$3.35
08/28/2020,3.59,8666355,$3.23,$3.65,$3.21
08/27/2020,3.27,4789737,$3.46,$3.5,$3.15
08/26/2020,3.41,3852013,$3.4,$3.56,$3.35
08/25/2020,3.58,7397563,$3.41,$3.6,$3.18
08/24/2020,3.63,4019428,$3.78,$3.79,$3.52
08/21/2020,3.725,5926118,$3.82,$3.94,$3.67
08/20/2020,3.99,7506701,$3.73,$4.05,$3.71
08/19/2020,3.69,8062903,$3.87,$4.06,$3.63
08/18/2020,4.04,9456021,$4,$4.2,$3.91
08/17/2020,4.15,21029450,$3.95,$4.41,$3.77
08/14/2020,3.78,10691470,$3.67,$3.84,$3.39
08/13/2020,3.61,11009380,$3.42,$3.75,$3.05
08/12/2020,3.54,5697509,$3.75,$3.83,$3.5
08/11/2020,3.62,10213610,$3.78,$4.04,$3.54
08/10/2020,4.13,12385980,$4.255,$4.28,$4
08/07/2020,3.77,14748740,$4.12,$4.15,$3.51
08/06/2020,4.25,27230980,$4.37,$4.58,$4.02
08/05/2020,4.01,39855530,$4.07,$4.45,$3.83
08/04/2020,3.4,14269770,$3.2,$3.67,$3.03
08/03/2020,3.5,58695570,$2.9,$4,$2.75
07/31/2020,2.64,14558790,$2.6,$2.8,$2.43
07/30/2020,2.55,10283740,$2.561,$2.66,$2.36
07/29/2020,2.75,15147370,$2.88,$2.91,$2.7
07/28/2020,2.77,43346250,$2.87,$3.2,$2.66
07/27/2020,2.64,52558850,$2.62,$3.08,$2.47
07/24/2020,2.22,8569246,$2.25,$2.285,$2.06
07/23/2020,2.29,7573474,$2.4,$2.45,$2.23
07/22/2020,2.34,5382463,$2.3,$2.37,$2.24
07/21/2020,2.3,3807897,$2.35,$2.37,$2.25
07/20/2020,2.26,2079884,$2.22,$2.27,$2.15
07/17/2020,2.23,1595126,$2.25,$2.26,$2.18
07/16/2020,2.22,1761641,$2.2,$2.23,$2.16
07/15/2020,2.26,1526587,$2.27,$2.28,$2.18
07/14/2020,2.25,1919500,$2.15,$2.25,$2.09
07/13/2020,2.18,3641190,$2.34,$2.3763,$2.16
07/10/2020,2.33,1765923,$2.3,$2.39,$2.25
07/09/2020,2.34,5068611,$2.59,$2.6,$2.26
07/08/2020,2.54,9039503,$2.33,$2.58,$2.3082
07/07/2020,2.29,2244038,$2.38,$2.3854,$2.23
07/06/2020,2.38,4540752,$2.35,$2.49,$2.31
07/02/2020,2.29,3108697,$2.38,$2.385,$2.19
07/01/2020,2.34,3538328,$2.21,$2.41,$2.21
06/30/2020,2.22,3369017,$2.1,$2.36,$2.08
06/29/2020,2.14,2960986,$2.163,$2.18,$2.04
06/26/2020,2.2,2817925,$2.28,$2.3,$2.15
06/25/2020,2.33,1906310,$2.22,$2.38,$2.22
06/24/2020,2.37,5062642,$2.5,$2.52,$2.24
06/23/2020,2.6,7705064,$2.568,$2.84,$2.41
06/22/2020,2.51,10076130,$2.23,$2.7,$2.14
06/19/2020,2.11,3510969,$2.25,$2.32,$2.11
06/18/2020,2.19,1934332,$2.27,$2.28,$2.19
06/17/2020,2.27,1699367,$2.35,$2.35,$2.21
06/16/2020,2.35,2648518,$2.46,$2.48,$2.28
06/15/2020,2.31,4674170,$2.1,$2.375,$2.05
06/12/2020,2.29,4853927,$2.45,$2.4621,$2.14
06/11/2020,2.18,11006050,$2.68,$2.8189,$2.16
06/10/2020,3.1,18090860,$2.68,$3.31,$2.57
06/09/2020,2.62,3664971,$2.55,$2.65,$2.43
06/08/2020,2.57,3545787,$2.58,$2.66,$2.48
06/05/2020,2.6,4229454,$2.57,$2.68,$2.42
06/04/2020,2.63,6913273,$2.54,$2.74,$2.41
06/03/2020,2.41,5059256,$2.6,$2.65,$2.32
06/02/2020,2.51,16277990,$2.62,$2.98,$2.34
06/01/2020,2.27,4076797,$2.14,$2.32,$2.14
05/29/2020,2.14,2461524,$2.2,$2.2096,$2.06
05/28/2020,2.21,5010302,$2.22,$2.35,$2.18
05/27/2020,2.12,4581867,$2.13,$2.21,$1.99
05/26/2020,1.95,5653859,$2.17,$2.17,$1.93
05/22/2020,2.24,3030148,$2.37,$2.38,$2.2
05/21/2020,2.33,6331443,$2.43,$2.52,$2.15
05/20/2020,2.53,12852490,$2.45,$2.75,$2.37
05/19/2020,2.23,5389200,$2.2,$2.415,$2.15
05/18/2020,2.19,5543800,$2.18,$2.31,$2.06
05/15/2020,2.08,6998739,$2.27,$2.34,$2.01
05/14/2020,2.28,21548360,$2.1,$2.58,$1.92
05/13/2020,1.89,8303685,$1.64,$1.91,$1.6
05/12/2020,1.6,4215736,$1.61,$1.74,$1.52
05/11/2020,1.59,9081928,$1.8,$1.87,$1.5
05/08/2020,1.85,20202630,$1.75,$2.13,$1.56
05/07/2020,1.54,10412260,$1.35,$1.59,$1.27
05/06/2020,1.27,4860809,$1.21,$1.28,$1.17
05/05/2020,1.15,2111424,$1.15,$1.18,$1.1
05/04/2020,1.12,1039349,$1.1,$1.13,$1.03
05/01/2020,1.07,2123001,$1.18,$1.2,$1.07
04/30/2020,1.21,1669721,$1.23,$1.24,$1.15
04/29/2020,1.21,7766444,$1.26,$1.38,$1.17
04/28/2020,1.16,1071797,$1.24,$1.25,$1.15
04/27/2020,1.24,2484916,$1.27,$1.3,$1.15
04/24/2020,1.25,4469974,$1.17,$1.29,$1.1
04/23/2020,1.15,4276491,$1.07,$1.2,$1.07
04/22/2020,1.07,503455,$1.05,$1.08,$1.02
04/21/2020,1.02,1030186,$1.08,$1.0838,$0.9843
04/20/2020,1.1,1170190,$1.1,$1.18,$1.1
04/17/2020,1.14,719976,$1.2,$1.2,$1.11
04/16/2020,1.17,1027845,$1.2,$1.21,$1.13
04/15/2020,1.13,2518921,$1.05,$1.25,$1.02
04/14/2020,1.01,1078038,$0.9839,$1.04,$0.9839
04/13/2020,1.01,656508,$1.01,$1.02,$0.93
04/09/2020,1.03,759766,$1.08,$1.09,$0.98
04/08/2020,1.07,673594,$1.06,$1.09,$1
04/07/2020,1.02,1410397,$1.19,$1.19,$0.99
04/06/2020,1.095,2570782,$0.95,$1.12,$0.92
04/03/2020,0.9,1287883,$0.91,$0.9496,$0.85
04/02/2020,0.78,995841,$0.798,$0.8817,$0.76
04/01/2020,0.7728,524567,$0.83,$0.8459,$0.76
03/31/2020,0.833,354546,$0.8295,$0.86,$0.79
03/30/2020,0.7915,506868,$0.807,$0.8504,$0.78
03/27/2020,0.7887,364561,$0.8,$0.83,$0.78
03/26/2020,0.8163,1238020,$0.82,$0.93,$0.76
03/25/2020,0.7732,719154,$0.75,$0.84,$0.735
03/24/2020,0.7977,1173796,$0.735,$0.83,$0.735
03/23/2020,0.6693,565598,$0.714,$0.73,$0.63
03/20/2020,0.7048,592919,$0.7564,$0.76,$0.69
03/19/2020,0.7033,840142,$0.7,$0.73,$0.65
03/18/2020,0.65,1455020,$0.74,$0.74,$0.511
03/17/2020,0.7476,674725,$0.7,$0.8,$0.6305
03/16/2020,0.6582,936751,$0.61,$0.7,$0.6
03/13/2020,0.72,1138317,$0.78,$0.8,$0.65
03/12/2020,0.728,1826660,$0.75,$0.777,$0.53
03/11/2020,1.01,1066581,$1.04,$1.08,$0.99
03/10/2020,1.07,776337,$1.13,$1.14,$1.04
03/09/2020,1.08,1378524,$1.08,$1.12,$1.02
03/06/2020,1.27,1437695,$1.29,$1.34,$1.16
03/05/2020,1.28,2785083,$1.25,$1.33,$1.22
03/04/2020,1.165,530707,$1.16,$1.17,$1.13
03/03/2020,1.14,751531,$1.18,$1.19,$1.12
03/02/2020,1.18,810554,$1.16,$1.21,$1.13
02/28/2020,1.14,1237304,$1.15,$1.19,$1.12
02/27/2020,1.23,1555859,$1.2,$1.28,$1.1288
02/26/2020,1.245,1422282,$1.24,$1.25,$1.18
02/25/2020,1.26,1376311,$1.35,$1.35,$1.23
02/24/2020,1.33,1274225,$1.3,$1.37,$1.29
02/21/2020,1.41,913986,$1.43,$1.44,$1.37
02/20/2020,1.42,1890043,$1.42,$1.455,$1.37
02/19/2020,1.5,1148813,$1.55,$1.55,$1.42
02/18/2020,1.5,2374242,$1.55,$1.56,$1.4
02/14/2020,1.64,1579070,$1.61,$1.67,$1.56
02/13/2020,1.61,1839526,$1.6,$1.63,$1.51
02/12/2020,1.6,6460020,$1.79,$1.86,$1.58
02/11/2020,1.68,7345828,$1.5,$1.76,$1.49
02/10/2020,1.48,1425991,$1.48,$1.51,$1.39
02/07/2020,1.43,1198719,$1.46,$1.46,$1.39
02/06/2020,1.43,1962096,$1.53,$1.55,$1.42
02/05/2020,1.48,2968940,$1.4,$1.51,$1.4
02/04/2020,1.38,862633,$1.36,$1.3899,$1.32
02/03/2020,1.36,916038,$1.36,$1.42,$1.33
01/31/2020,1.35,1399985,$1.45,$1.45,$1.35
01/30/2020,1.43,7720558,$1.58,$1.63,$1.3401
01/29/2020,1.31,634134,$1.33,$1.35,$1.28
01/28/2020,1.31,679806,$1.28,$1.32,$1.2647
01/27/2020,1.24,891264,$1.26,$1.28,$1.2
01/24/2020,1.26,467955,$1.3,$1.32,$1.25
01/23/2020,1.26,737469,$1.33,$1.3335,$1.25
01/22/2020,1.34,865238,$1.43,$1.43,$1.31
01/21/2020,1.4,1020523,$1.49,$1.49,$1.33
01/17/2020,1.46,1102441,$1.45,$1.49,$1.43
01/16/2020,1.43,671669,$1.4,$1.45,$1.36
01/15/2020,1.4,1247314,$1.5,$1.5,$1.39
01/14/2020,1.42,1702689,$1.44,$1.51,$1.4075
01/13/2020,1.36,637439,$1.45,$1.45,$1.31
01/10/2020,1.41,1362761,$1.33,$1.45,$1.29
01/09/2020,1.33,794962,$1.37,$1.41,$1.29
01/08/2020,1.37,1794347,$1.54,$1.54,$1.29
01/07/2020,1.49,3375066,$1.39,$1.5,$1.33
01/06/2020,1.3,995927,$1.23,$1.3,$1.2
01/03/2020,1.18,467212,$1.22,$1.22,$1.14
01/02/2020,1.22,915741,$1.14,$1.23,$1.13
12/31/2019,1.12,623785,$1.14,$1.15,$1.11
12/30/2019,1.14,1048286,$1.22,$1.23,$1.11
12/27/2019,1.22,907090,$1.29,$1.3,$1.21
12/26/2019,1.3,581031,$1.34,$1.34,$1.28
12/24/2019,1.31,332603,$1.31,$1.33,$1.31
12/23/2019,1.33,546970,$1.35,$1.35,$1.31
12/20/2019,1.33,297089,$1.33,$1.34,$1.31
12/19/2019,1.32,320782,$1.35,$1.37,$1.32
12/18/2019,1.33,511218,$1.31,$1.35,$1.29
12/17/2019,1.3,398314,$1.3,$1.32,$1.29
12/16/2019,1.33,886981,$1.33,$1.38,$1.3
12/13/2019,1.34,303889,$1.33,$1.35,$1.305
12/12/2019,1.32,296305,$1.37,$1.37,$1.29
12/11/2019,1.32,710265,$1.3,$1.37,$1.29
12/10/2019,1.3,334801,$1.29,$1.32,$1.29
12/09/2019,1.29,229341,$1.32,$1.32,$1.29
12/06/2019,1.32,305131,$1.3,$1.32,$1.29
12/05/2019,1.32,232892,$1.31,$1.33,$1.3
12/04/2019,1.29,580259,$1.34,$1.34,$1.28
12/03/2019,1.32,413524,$1.32,$1.32,$1.28
12/02/2019,1.3,464763,$1.34,$1.3603,$1.3
11/29/2019,1.39,289422,$1.35,$1.405,$1.3
11/27/2019,1.35,1055025,$1.36,$1.38,$1.28
11/26/2019,1.33,653002,$1.44,$1.44,$1.31
11/25/2019,1.35,1072902,$1.51,$1.55,$1.35
11/22/2019,1.49,896334,$1.39,$1.52,$1.35
11/21/2019,1.42,409695,$1.42,$1.45,$1.39
11/20/2019,1.43,316646,$1.45,$1.46,$1.41
11/19/2019,1.44,366528,$1.46,$1.495,$1.44
11/18/2019,1.46,441688,$1.55,$1.55,$1.45
11/15/2019,1.51,496785,$1.57,$1.57,$1.49
11/14/2019,1.59,903627,$1.51,$1.62,$1.5
11/13/2019,1.51,256134,$1.51,$1.5324,$1.5
11/12/2019,1.52,202222,$1.5,$1.55,$1.5
11/11/2019,1.53,306431,$1.55,$1.55,$1.48
11/08/2019,1.52,264442,$1.52,$1.54,$1.5
11/07/2019,1.5,495941,$1.57,$1.57,$1.5
11/06/2019,1.57,346584,$1.59,$1.595,$1.54
11/05/2019,1.6,644067,$1.66,$1.66,$1.57
11/04/2019,1.66,810356,$1.57,$1.67,$1.55
11/01/2019,1.57,509944,$1.55,$1.59,$1.53
10/31/2019,1.56,322939,$1.63,$1.63,$1.52
10/30/2019,1.59,1196775,$1.61,$1.665,$1.52
10/29/2019,1.61,687602,$1.68,$1.6856,$1.6
10/28/2019,1.7,1553868,$1.8,$1.81,$1.66
10/25/2019,1.68,1701128,$1.61,$1.7351,$1.5804
10/24/2019,1.57,219845,$1.58,$1.6188,$1.5575
10/23/2019,1.57,1190870,$1.57,$1.65,$1.5
10/22/2019,1.66,426734,$1.7,$1.707,$1.5816
10/21/2019,1.7,384426,$1.73,$1.74,$1.67
10/18/2019,1.71,178539,$1.74,$1.75,$1.7
10/17/2019,1.72,271327,$1.7,$1.78,$1.7
10/16/2019,1.7,356717,$1.76,$1.76,$1.7
10/15/2019,1.78,409259,$1.78,$1.83,$1.74
10/14/2019,1.79,398772,$1.77,$1.82,$1.76
10/11/2019,1.8,324990,$1.77,$1.82,$1.7435
10/10/2019,1.78,357354,$1.8,$1.844,$1.76
10/09/2019,1.81,1637878,$1.69,$1.94,$1.68
10/08/2019,1.69,280242,$1.69,$1.73,$1.65
10/07/2019,1.72,385957,$1.7,$1.755,$1.6413
10/04/2019,1.68,277438,$1.66,$1.7,$1.63
10/03/2019,1.64,295373,$1.69,$1.7168,$1.64
10/02/2019,1.68,348974,$1.73,$1.73,$1.62
10/01/2019,1.73,610999,$1.84,$1.84,$1.6
09/30/2019,1.78,524530,$1.72,$1.845,$1.72
09/27/2019,1.72,666575,$1.85,$1.88,$1.7
09/26/2019,1.85,739214,$1.88,$1.88,$1.8
09/25/2019,1.885,483146,$1.89,$1.9,$1.8317
09/24/2019,1.91,929448,$2.01,$2.02,$1.86
09/23/2019,2.01,839143,$2.04,$2.04,$1.92
09/20/2019,2.06,708217,$1.96,$2.06,$1.96
09/19/2019,1.99,865496,$2.03,$2.06,$1.87
09/18/2019,2.09,1140242,$2.21,$2.24,$2.04
09/17/2019,2.19,1024979,$2.11,$2.2,$2.07
09/16/2019,2.12,787951,$2.09,$2.15,$2.07
09/13/2019,2.12,1317525,$2.05,$2.15,$2.05
09/12/2019,2.05,571284,$2.07,$2.07,$2
09/11/2019,2.01,741732,$1.99,$2.07,$1.96
09/10/2019,2,471961,$2.06,$2.07,$1.98
09/09/2019,2.03,880691,$2.15,$2.16,$1.975
09/06/2019,2.04,818795,$2.11,$2.18,$2.04
09/05/2019,2.07,721815,$2.1,$2.1391,$2.03
09/04/2019,2.1,1395995,$1.97,$2.14,$1.92
09/03/2019,1.92,1051790,$1.92,$1.99,$1.845
08/30/2019,1.84,437539,$1.95,$1.95,$1.84
08/29/2019,1.88,354012,$1.88,$1.91,$1.86
08/28/2019,1.9,439426,$1.94,$1.95,$1.84
08/27/2019,1.9,368742,$1.92,$1.99,$1.9
08/26/2019,1.92,375411,$2,$2.02,$1.87
08/23/2019,1.97,755611,$2,$2.04,$1.89
08/22/2019,1.94,664586,$1.89,$2,$1.86
08/21/2019,1.89,453096,$1.86,$1.94,$1.84
08/20/2019,1.91,498344,$1.88,$1.93,$1.83
08/19/2019,1.88,680484,$1.94,$1.95,$1.86
08/16/2019,1.85,581637,$1.81,$1.88,$1.76
08/15/2019,1.81,679443,$1.87,$1.87,$1.8
08/14/2019,1.82,1061499,$1.95,$1.95,$1.82
08/13/2019,1.98,1311491,$2.12,$2.12,$1.91
08/12/2019,2.08,577502,$2.2,$2.2,$2.05
08/09/2019,2.18,802720,$2.13,$2.2,$2.07
08/08/2019,2.07,551211,$2.19,$2.22,$2.06
08/07/2019,2.12,986520,$2.11,$2.2,$2
08/06/2019,2.08,1250281,$2.27,$2.3,$1.97
08/05/2019,2.24,2770337,$2.4,$2.47,$2.21
08/02/2019,2.21,1423634,$2.16,$2.33,$2.13
08/01/2019,2.13,897484,$2.18,$2.19,$1.95
07/31/2019,2.2,2499745,$1.94,$2.23,$1.931
07/30/2019,1.91,819952,$1.95,$1.97,$1.8693
07/29/2019,1.94,671015,$1.97,$1.99,$1.83
07/26/2019,1.97,519342,$2.02,$2.05,$1.93
07/25/2019,2.01,585082,$1.99,$2.03,$1.925
07/24/2019,1.97,608120,$2.04,$2.0484,$1.92
07/23/2019,2.02,936373,$1.95,$2.07,$1.85
07/22/2019,1.95,1489786,$1.94,$1.98,$1.82
07/19/2019,1.98,1676378,$2.05,$2.1,$1.87
07/18/2019,2.05,2142350,$2.02,$2.195,$2.02
07/17/2019,2,1991218,$2.06,$2.18,$2
07/16/2019,2.08,1193552,$2.15,$2.25,$2.055
07/15/2019,2.2,1423861,$2.05,$2.23,$2.04
07/12/2019,2.26,3196103,$2.44,$2.45,$2.01
07/11/2019,2.35,2034458,$2.5,$2.52,$2.32
07/10/2019,2.55,1736549,$2.66,$2.719,$2.51
07/09/2019,2.63,2032519,$2.78,$2.82,$2.57
07/08/2019,2.78,2116566,$2.89,$2.9,$2.72
07/05/2019,2.8,884671,$2.71,$2.8398,$2.71
07/03/2019,2.78,1819392,$2.88,$2.9156,$2.71
07/02/2019,2.79,2691367,$2.69,$2.9549,$2.51
07/01/2019,2.71,2812711,$2.9,$2.9,$2.7
06/28/2019,3.14,2929108,$3.25,$3.27,$3.08
06/27/2019,3.07,5599799,$3.26,$3.31,$2.85
06/26/2019,3.79,10632910,$3.66,$3.95,$3.51
06/25/2019,3.3,6549004,$3.5,$3.56,$3.22
06/24/2019,3.04,7001980,$2.87,$3.29,$2.8
06/21/2019,2.75,1774161,$2.74,$2.7589,$2.56
06/20/2019,2.6,1682043,$2.62,$2.65,$2.46
06/19/2019,2.62,627963,$2.67,$2.7405,$2.53
06/18/2019,2.69,1010969,$2.81,$2.82,$2.64
06/17/2019,2.81,2682116,$3.02,$3.05,$2.73
06/14/2019,2.73,2087519,$2.59,$2.79,$2.59
06/13/2019,2.59,1059333,$2.49,$2.6471,$2.44
06/12/2019,2.5,573538,$2.51,$2.64,$2.4101
06/11/2019,2.44,464644,$2.53,$2.58,$2.44
06/10/2019,2.51,971084,$2.69,$2.7499,$2.42
06/07/2019,2.7,934418,$2.55,$2.7562,$2.5
06/06/2019,2.53,1139550,$2.9,$2.99,$2.5
06/05/2019,2.91,929344,$3.19,$3.2,$2.75
06/04/2019,3.16,492074,$3.09,$3.23,$3.08
06/03/2019,3.16,516378,$3.17,$3.26,$3.07
05/31/2019,3.24,678965,$3.15,$3.3599,$3.06
05/30/2019,3.17,1133983,$3.35,$3.4,$3.1
05/29/2019,3.45,1223791,$3.42,$3.49,$3.19
05/28/2019,3.49,1703048,$3.92,$4.0302,$3.41
05/24/2019,3.86,970528,$3.92,$3.94,$3.65
05/23/2019,3.79,863009,$3.85,$3.93,$3.671
05/22/2019,4.05,787341,$4.1,$4.17,$3.93
05/21/2019,4.1,785838,$4.16,$4.24,$4.061
05/20/2019,4.16,936165,$4.25,$4.3,$4.04
05/17/2019,4.07,1478430,$3.97,$4.2,$3.9
05/16/2019,4.31,1163556,$4.25,$4.57,$4.17
05/15/2019,4.51,1421826,$4.3,$4.55,$4.17
05/14/2019,4.23,3232734,$4.65,$4.85,$4.03
05/13/2019,4.45,6235744,$4.45,$4.88,$4.26
05/10/2019,4.04,2195340,$3.66,$4.4,$3.54
05/09/2019,3.63,2120068,$4.1,$4.1234,$3.55
05/08/2019,4.09,891303,$4.22,$4.2956,$4.03
05/07/2019,4.19,1592200,$4.73,$4.7975,$4.18
05/06/2019,4.61,916857,$4.5,$4.66,$4.3
05/03/2019,4.67,1915871,$4.73,$5.04,$4.61
05/02/2019,4.44,1516305,$4.82,$4.85,$4.2
05/01/2019,4.71,1624055,$5.36,$5.45,$4.6
04/30/2019,5.27,947256,$5.33,$5.53,$5.2
04/29/2019,5.18,792830,$5.23,$5.35,$5.02
04/26/2019,5.23,1722642,$5.6,$5.7499,$5.15
04/25/2019,5.89,1093827,$5.75,$5.93,$5.65
04/24/2019,5.8,1766447,$5.75,$5.95,$5.56
04/23/2019,6.02,3201154,$5.8,$6.14,$5.6503
04/22/2019,5.52,1817026,$5.3,$5.67,$5.0988
04/18/2019,5.4,1841394,$5,$5.41,$4.93
04/17/2019,4.9,2998853,$4.93,$5.42,$4.82
04/16/2019,4.93,1713147,$4.76,$4.95,$4.55
04/15/2019,4.71,1832880,$4.65,$4.941,$4.56
04/12/2019,4.61,785221,$4.65,$4.84,$4.56
04/11/2019,4.58,1184475,$4.54,$4.67,$4.36
04/10/2019,4.89,2234755,$4.63,$4.95,$4.4599
04/09/2019,4.43,767650,$4.58,$4.64,$4.36
04/08/2019,4.6,2276196,$4.66,$4.89,$4.54
04/05/2019,4.46,3071470,$4.5,$4.75,$4.36
04/04/2019,4.2,2523191,$4.6,$4.78,$4.14
04/03/2019,4.86,6856290,$4.65,$5.14,$4.51
04/02/2019,4.34,10736770,$4.66,$5.15,$4.06
04/01/2019,3.54,1430232,$3.37,$3.77,$3.3618
03/29/2019,3.27,993369,$3.24,$3.43,$3.2036
03/28/2019,3.14,295526,$3.14,$3.19,$3.0634
03/27/2019,3.16,956444,$3.22,$3.24,$3.01
03/26/2019,3.13,510006,$3.24,$3.35,$3.01
03/25/2019,3.12,1197605,$3.41,$3.4114,$3
03/22/2019,3.45,879199,$3.66,$3.71,$3.4
03/21/2019,3.7,1572782,$4,$4.14,$3.55
03/20/2019,3.96,1274859,$4.08,$4.2329,$3.86
03/19/2019,3.99,985583,$3.96,$4.1,$3.76
03/18/2019,3.88,2975481,$4.1,$4.34,$3.75
03/15/2019,3.73,1376070,$3.42,$3.75,$3.38
03/14/2019,3.4,555262,$3.3,$3.43,$3.25
03/13/2019,3.34,484698,$3.3,$3.41,$3.2
03/12/2019,3.35,871137,$3.65,$3.65,$3.1921
03/11/2019,3.55,709078,$3.61,$3.72,$3.5
03/08/2019,3.69,1819352,$3.49,$3.69,$3.46
03/07/2019,3.49,1084507,$3.23,$3.62,$3.11
03/06/2019,3.23,592816,$3.35,$3.4299,$3.22
03/05/2019,3.39,1456933,$3.32,$3.4409,$3.16
03/04/2019,3,1139362,$3.17,$3.24,$2.85
03/01/2019,3.26,1026536,$3.2,$3.48,$3.17
02/28/2019,3.2,1037527,$3.25,$3.44,$3.04
02/27/2019,3.21,1674159,$3.65,$3.65,$3
02/26/2019,3.6,854429,$3.59,$3.74,$3.56
02/25/2019,3.59,2543383,$3.75,$3.94,$3.55
02/22/2019,3.95,4089558,$3.75,$4.04,$3.6
02/21/2019,3.52,3349216,$3.75,$3.9,$3.39
02/20/2019,3.74,12538450,$3.35,$4.07,$3.23
02/19/2019,3.33,20096970,$2.94,$4.24,$2.9
02/15/2019,2.47,1009591,$2.33,$2.48,$2.2601
02/14/2019,2.26,1289440,$2.11,$2.4,$2.0801
02/13/2019,2.11,462747,$2.15,$2.2181,$2.06
02/12/2019,2.21,330153,$2.19,$2.21,$2.08
02/11/2019,2.12,1067624,$2.37,$2.37,$1.99
02/08/2019,2.37,3483072,$1.91,$2.45,$1.9
02/07/2019,1.9099,213701,$1.91,$2.0001,$1.87
02/06/2019,1.89,228733,$2.01,$2.01,$1.83
02/05/2019,1.95,431138,$2.03,$2.0501,$1.92
02/04/2019,1.92,781776,$1.82,$2.1,$1.8044
02/01/2019,1.81,180543,$1.83,$1.9,$1.76
01/31/2019,1.85,308910,$1.82,$1.93,$1.81
01/30/2019,1.84,322821,$1.8,$1.9201,$1.7901
01/29/2019,1.79,303684,$1.68,$1.86,$1.6711
01/28/2019,1.7,217201,$1.74,$1.75,$1.65
01/25/2019,1.76,395900,$1.87,$1.94,$1.68
01/24/2019,1.89,872213,$1.82,$2.01,$1.8
01/23/2019,1.82,878776,$1.6,$1.97,$1.5932
01/22/2019,1.57,263957,$1.66,$1.6668,$1.55
01/18/2019,1.63,435059,$1.6,$1.69,$1.54
01/17/2019,1.55,150411,$1.61,$1.63,$1.55
01/16/2019,1.6,144661,$1.63,$1.65,$1.6
01/15/2019,1.62,281728,$1.63,$1.66,$1.6
01/14/2019,1.62,212135,$1.6,$1.65,$1.58
01/11/2019,1.62,177128,$1.65,$1.68,$1.6
01/10/2019,1.63,382677,$1.68,$1.7,$1.6
01/09/2019,1.73,263520,$1.71,$1.79,$1.67
01/08/2019,1.7,587561,$1.67,$1.8174,$1.631
01/07/2019,1.63,561652,$1.68,$1.75,$1.51
01/04/2019,1.65,296000,$1.61,$1.67,$1.56
01/03/2019,1.54,455317,$1.73,$1.75,$1.52
01/02/2019,1.71,576011,$1.51,$1.75,$1.5
12/31/2018,1.51,536697,$1.58,$1.6,$1.45
12/28/2018,1.57,712685,$1.68,$1.68,$1.515
12/27/2018,1.64,1094725,$1.4,$1.65,$1.4
12/26/2018,1.49,942175,$1.46,$1.5,$1.2901
12/24/2018,1.44,494436,$1.52,$1.6,$1.3932
12/21/2018,1.5,940964,$1.64,$1.74,$1.41
12/20/2018,1.71,1195247,$2,$2.03,$1.6612
12/19/2018,1.89,5307647,$2.07,$2.28,$1.77
12/18/2018,1.77,1325328,$1.94,$2.03,$1.7
12/17/2018,1.79,1408867,$1.41,$1.85,$1.41
12/14/2018,1.35,437956,$1.48,$1.53,$1.35
12/13/2018,1.54,326375,$1.51,$1.6,$1.45
12/12/2018,1.605,680561,$1.5,$1.7,$1.4929
12/11/2018,1.54,521403,$1.7,$1.73,$1.49
12/10/2018,1.69,157885,$1.76,$1.77,$1.68
12/07/2018,1.73,211747,$1.72,$1.819,$1.71
12/06/2018,1.79,317271,$1.8,$1.85,$1.7
12/04/2018,1.76,311697,$1.9,$1.9,$1.75
12/03/2018,1.83,300131,$1.93,$1.93,$1.75
11/30/2018,1.86,681365,$1.9,$1.95,$1.76
11/29/2018,1.95,1110934,$2.2,$2.34,$1.92
11/28/2018,2.09,2219059,$2,$2.5,$1.91
11/27/2018,1.77,195039,$1.77,$1.89,$1.7
11/26/2018,1.83,225591,$2,$2,$1.77
11/23/2018,1.85,212751,$1.91,$1.98,$1.81
11/21/2018,1.91,329197,$1.91,$1.97,$1.8507
11/20/2018,1.85,501118,$1.82,$1.85,$1.65
11/19/2018,1.89,733584,$2.17,$2.2399,$1.86
11/16/2018,2.19,256872,$2.29,$2.37,$2.17
11/15/2018,2.245,347326,$2.25,$2.35,$2.15
11/14/2018,2.2,494042,$2.5,$2.5984,$2.2
11/13/2018,2.5,271235,$2.33,$2.526,$2.33
11/12/2018,2.36,402214,$2.54,$2.6173,$2.3
11/09/2018,2.56,247500,$2.62,$2.6623,$2.52
11/08/2018,2.57,618616,$2.88,$2.88,$2.53
11/07/2018,2.9,890581,$3.02,$3.12,$2.7239
11/06/2018,2.95,2694316,$2.52,$3.33,$2.5017
11/05/2018,2.51,280325,$2.53,$2.69,$2.51
11/02/2018,2.54,316703,$2.59,$2.69,$2.45
11/01/2018,2.56,394016,$2.37,$2.59,$2.37
10/31/2018,2.36,260823,$2.37,$2.4,$2.25
10/30/2018,2.28,205675,$2.42,$2.4999,$2.25
10/29/2018,2.41,295875,$2.54,$2.65,$2.38
10/26/2018,2.52,255910,$2.39,$2.65,$2.3803
10/25/2018,2.42,206317,$2.38,$2.48,$2.36
10/24/2018,2.37,726860,$2.41,$2.68,$2.35
10/23/2018,2.4,335974,$2.31,$2.4295,$2.2068
10/22/2018,2.39,383483,$2.47,$2.53,$2.3
10/19/2018,2.48,399086,$2.54,$2.72,$2.41
10/18/2018,2.53,361367,$2.65,$2.7,$2.4601
10/17/2018,2.72,664767,$2.98,$2.98,$2.62
10/16/2018,2.96,764603,$2.83,$2.99,$2.6
10/15/2018,2.7,942713,$2.8,$2.89,$2.6218
10/12/2018,2.57,4981702,$2.22,$3.11,$2.22
10/11/2018,2.16,662046,$2.15,$2.3204,$2.15
10/10/2018,2.17,915036,$2.72,$2.73,$2.15
10/09/2018,2.71,348771,$2.85,$2.8835,$2.67
10/08/2018,2.85,359386,$3.02,$3.117,$2.83
10/05/2018,3.02,511156,$3.34,$3.46,$2.91
10/04/2018,3.36,139416,$3.44,$3.4882,$3.3
10/03/2018,3.4321,312908,$3.46,$3.47,$3.3
10/02/2018,3.42,220939,$3.4,$3.5,$3.36
10/01/2018,3.45,534633,$3.74,$3.759,$3.36
09/28/2018,3.65,312321,$3.78,$3.8499,$3.53
09/27/2018,3.78,228573,$3.83,$3.87,$3.7502
09/26/2018,3.82,349061,$3.95,$3.99,$3.7
09/25/2018,3.95,226699,$4.07,$4.09,$3.95
09/24/2018,4.08,279777,$3.95,$4.14,$3.921
09/21/2018,3.99,536262,$4.28,$4.29,$3.94
09/20/2018,4.09,296537,$4.16,$4.16,$4.01
09/19/2018,4.12,446182,$3.78,$4.17,$3.78
09/18/2018,3.89,199106,$3.82,$3.93,$3.81
09/17/2018,3.81,384866,$3.92,$3.94,$3.73
09/14/2018,3.94,504866,$3.76,$3.94,$3.63
09/13/2018,3.8,825406,$3.75,$3.9312,$3.6101
09/12/2018,3.74,1143376,$4.23,$4.2976,$3.61
09/11/2018,4.29,603596,$4.46,$4.51,$4.111
09/10/2018,4.5,696617,$4.36,$4.65,$4.35
09/07/2018,4.3,1765640,$5.65,$5.82,$4.28
09/06/2018,5.68,282673,$5.74,$5.8,$5.56
09/05/2018,5.71,559160,$6.05,$6.05,$5.5701
09/04/2018,6.19,866277,$6.54,$6.79,$6.1301
08/31/2018,6.3,412428,$6.07,$6.439,$6.05
08/30/2018,6.1,363195,$6.1,$6.25,$5.94
08/29/2018,6.22,508495,$6.43,$6.4371,$6.05
08/28/2018,6.31,1362117,$6.18,$6.47,$6.01
08/27/2018,5.76,977828,$5.63,$6.07,$5.55
08/24/2018,5.5,330607,$5.43,$5.73,$5.4
08/23/2018,5.47,389677,$5.63,$5.69,$5.45
08/22/2018,5.63,604683,$5.36,$5.8801,$5.36
08/21/2018,5.31,366133,$5.34,$5.45,$5.22
08/20/2018,5.31,425207,$5.36,$5.45,$4.95
08/17/2018,5.37,255918,$5.51,$5.59,$5.3
08/16/2018,5.39,1032510,$5.07,$5.53,$4.76
08/15/2018,5.35,1455251,$6.5,$6.63,$5.34
08/14/2018,6.65,336701,$6.65,$6.94,$6.61
08/13/2018,6.71,385228,$6.88,$6.949,$6.63
08/10/2018,6.96,762638,$6.87,$7.3,$6.8
08/09/2018,6.8,508858,$6.6,$7.05,$6.6
08/08/2018,6.73,615722,$6.63,$6.8,$6.5532
08/07/2018,6.93,638782,$7.15,$7.15,$6.8611
08/06/2018,6.8,564543,$6.81,$6.97,$6.52
08/03/2018,6.83,1232237,$6.74,$7.17,$6.6
08/02/2018,6.79,1261741,$6.33,$6.9,$6.3
08/01/2018,6.43,757154,$6.68,$6.68,$6.3
07/31/2018,6.49,1566511,$7.37,$7.5201,$6.46
07/30/2018,7.62,869248,$7.6,$7.64,$7.17
07/27/2018,7.59,2125499,$7.49,$7.81,$7.03
07/26/2018,7.9,1080192,$7.92,$8.18,$7.8
07/25/2018,7.98,3941629,$7.88,$8.27,$7.38
07/24/2018,8.4,13540380,$7.59,$8.555,$7.15
07/23/2018,6.59,3056802,$6.29,$6.7,$6.07
07/20/2018,5.9,2512070,$6.06,$6.64,$5.81
07/19/2018,6.07,2377392,$5.77,$6.3,$5.77
07/18/2018,5.73,5594698,$6.13,$6.46,$5.6
07/17/2018,6.29,8265498,$4.6,$6.6,$4.57
07/16/2018,4.57,200470,$4.64,$4.789,$4.5501
07/13/2018,4.66,237086,$4.6,$4.799,$4.43
07/12/2018,4.57,295957,$4.73,$4.807,$4.47
07/11/2018,4.68,490430,$4.55,$4.9,$4.41
07/10/2018,4.65,776878,$4.92,$4.9454,$4.49
07/09/2018,4.865,902312,$5.29,$5.29,$4.8
07/06/2018,5.15,1239778,$6.01,$6.08,$5.0359
07/05/2018,6.01,510870,$6.28,$6.399,$6
07/03/2018,6.25,272768,$6.46,$6.4889,$6.1111
07/02/2018,6.38,482056,$6.28,$6.88,$6.28
06/29/2018,6.34,316357,$6.65,$6.75,$6.28
06/28/2018,6.56,239101,$6.55,$6.72,$6.381
06/27/2018,6.59,226175,$6.8,$6.93,$6.53
06/26/2018,6.8,343638,$6.58,$7.1099,$6.54
06/25/2018,6.57,508972,$6.8,$6.85,$6.41
06/22/2018,6.88,539430,$7.15,$7.239,$6.82
06/21/2018,7.27,426715,$7.67,$7.75,$7.01
06/20/2018,7.35,246030,$7.23,$7.6,$7.22
06/19/2018,7.32,162438,$7.33,$7.48,$7.16
06/18/2018,7.38,214223,$7.26,$7.52,$7.26
06/15/2018,7.4,247637,$7.41,$7.57,$7.26
06/14/2018,7.54,285489,$7.25,$7.7,$7.25
06/13/2018,7.26,232876,$7.31,$7.474,$7.21
06/12/2018,7.36,245591,$7.5,$7.745,$7.3501
06/11/2018,7.44,336141,$7.61,$7.68,$7.2
06/08/2018,7.71,188527,$7.61,$7.875,$7.41
06/07/2018,7.65,220498,$7.71,$7.92,$7.5
06/06/2018,7.78,325680,$7.79,$8,$7.75
06/05/2018,7.8,296294,$7.73,$8.03,$7.61
06/04/2018,7.73,683318,$7.59,$8.15,$7.5
06/01/2018,7.39,1003930,$6.93,$7.7,$6.93
05/31/2018,6.98,236074,$6.97,$7.11,$6.82
05/30/2018,6.97,409208,$7.08,$7.15,$6.82
05/29/2018,7.08,516215,$7.53,$7.56,$7
05/25/2018,7.59,222439,$7.73,$7.76,$7.55
05/24/2018,7.79,327267,$7.79,$7.88,$7.6
05/23/2018,7.89,633980,$7.78,$8.05,$7.5
05/22/2018,7.85,617036,$8.06,$8.5,$7.84
05/21/2018,8.28,805657,$8.85,$9.1,$8.11
05/18/2018,9,1465143,$9.48,$9.48,$8.57
05/17/2018,9.51,1832679,$8.5,$9.75,$8.15
05/16/2018,8.5,997533,$7.8,$8.64,$7.65
05/15/2018,7.83,296473,$7.6,$7.95,$7.58
05/14/2018,7.63,374353,$7.4,$7.73,$7.38
05/11/2018,7.38,544523,$7.44,$7.55,$7.27
05/10/2018,7.23,430457,$7.41,$7.65,$7.15
05/09/2018,7.44,369893,$7.4,$7.59,$7.32
05/08/2018,7.4,280904,$7.56,$7.7743,$7.34
05/07/2018,7.58,429101,$7.31,$7.8,$7.31
05/04/2018,7.56,672171,$7.9,$8.15,$7.411
05/03/2018,7.64,359645,$7.36,$7.67,$7.11
05/02/2018,7.24,215710,$7.37,$7.37,$7.1432
05/01/2018,7.32,262460,$7.14,$7.47,$7.02
04/30/2018,7.22,409950,$7.46,$7.49,$7.13
04/27/2018,7.49,350825,$7.55,$7.66,$7.36
04/26/2018,7.47,656192,$7.32,$7.88,$7.241
04/25/2018,7.36,673477,$7.3,$7.48,$7
04/24/2018,7.58,1448464,$6.9,$7.655,$6.6401
04/23/2018,6.55,356891,$6.66,$6.899,$6.46
04/20/2018,6.65,453225,$6.66,$6.95,$6.561
04/19/2018,6.7,745265,$6.75,$6.75,$6.25
04/18/2018,6.87,739907,$6.95,$7.19,$6.84
04/17/2018,7.3,622999,$7.32,$7.87,$7.29
04/16/2018,7.31,594365,$7.7,$7.7,$7.06
04/13/2018,7.75,1566622,$8.04,$8.36,$7.5
04/12/2018,7.47,4074294,$7.35,$8.2,$7.12
04/11/2018,6.62,564130,$6.35,$7.1,$6.35
04/10/2018,6.49,432338,$6.41,$6.7273,$6.353
04/09/2018,6.4,525471,$6.58,$6.78,$6.25
04/06/2018,6.64,1652138,$7.18,$7.7699,$6.53
04/05/2018,7.22,3416566,$6.4,$7.81,$6.38
04/04/2018,6.42,311301,$6.25,$6.6,$6.2
04/03/2018,6.53,474571,$6.39,$6.89,$6.2305
04/02/2018,6.36,296791,$6.51,$6.599,$6.17
03/29/2018,6.62,511908,$6.25,$6.65,$6
03/28/2018,6.28,700688,$6.88,$6.91,$6.03
03/27/2018,6.95,310179,$7.34,$7.5499,$6.83
03/26/2018,7.36,627080,$7.67,$7.76,$7.05
03/23/2018,7.5,426605,$7.65,$7.76,$7.4
03/22/2018,7.63,362382,$7.75,$7.96,$7.58
03/21/2018,7.94,477048,$8.15,$8.43,$7.74
03/20/2018,8.02,629380,$8.75,$8.75,$7.83
03/19/2018,8.42,1021422,$8.12,$8.75,$7.8501
03/16/2018,8.29,1202791,$7.31,$8.45,$7.3
03/15/2018,7.51,1024290,$8.12,$8.29,$7.33
03/14/2018,8.15,726892,$8.3,$8.7,$8.05
03/13/2018,8.7,555444,$8.83,$8.92,$8.54
03/12/2018,8.97,1321227,$9.11,$9.2426,$8.6
03/09/2018,9.24,745261,$9.55,$9.78,$9.05
03/08/2018,9.57,710090,$9.94,$10.179,$9.56
03/07/2018,10.08,574066,$10.09,$10.37,$10.02
03/06/2018,10.39,582800,$10.65,$10.8,$10.25
03/05/2018,10.83,714465,$10.67,$10.85,$10.25
03/02/2018,10.58,731595,$9.89,$10.69,$9.89
03/01/2018,10.13,1134243,$9.93,$10.72,$9.91
02/28/2018,10.58,1227144,$9.76,$10.75,$9.76
02/27/2018,9.96,567623,$9.95,$10.12,$9.651
02/26/2018,9.9,918874,$9.95,$10.26,$9.7
02/23/2018,10.27,1084347,$9.85,$10.44,$9.8163
02/22/2018,9.98,1808304,$10.76,$10.77,$9.52
02/21/2018,10.6,1549943,$10.7,$11.39,$10.5
02/20/2018,10.92,4624646,$10.5,$12.4,$9.77
02/16/2018,11.46,12296570,$14.09,$15.2,$10.55
02/15/2018,17.2,2693735,$17.6,$18.4,$16.7
02/14/2018,16.59,1625095,$17.2,$17.4,$16.5
02/13/2018,16.06,2850017,$16.75,$17.49,$15.21
02/12/2018,17.54,3942878,$16.57,$18.14,$16.57
02/09/2018,16.05,2505311,$15.03,$16.34,$14.8
02/08/2018,14.89,2130281,$15.8,$15.9,$14.25
02/07/2018,14.32,7197657,$15.32,$16.41,$13.88
02/06/2018,12.95,2748867,$10.4,$13.49,$10.4
02/05/2018,10.7,1481157,$11.4,$12.19,$10.55
02/02/2018,12.16,1791437,$12.08,$12.75,$11.6
02/01/2018,12.3,1946659,$12.91,$13,$12.1
01/31/2018,13.75,1693724,$14.5,$15.67,$13.36
01/30/2018,14.28,1664412,$14.87,$14.9,$13.75
01/29/2018,15.23,1652741,$16.85,$17,$15.1
01/26/2018,17.13,1052572,$17.56,$17.98,$17.06
01/25/2018,17.91,1023052,$18.95,$19.15,$17.8
01/24/2018,19.24,1035646,$19.88,$20,$18.91
01/23/2018,19.6,1384163,$19.51,$20.11,$18.63
01/22/2018,19.48,1669903,$19.39,$20.73,$19
01/19/2018,19.91,1564149,$20.39,$20.48,$19.5
01/18/2018,19.8,5531170,$18.64,$21.44,$18.5
01/17/2018,17.76,4014785,$17.5,$18.1,$16.04
01/16/2018,18.28,2878811,$20,$20.5,$17.8
01/12/2018,21.88,1675353,$21.16,$22.075,$20.92
01/11/2018,20.85,2835710,$22.2,$22.5,$20.63
01/10/2018,22.94,1978512,$23.9,$24.1946,$22.7
01/09/2018,24.02,4622053,$24.99,$25.77,$23.45
01/08/2018,23.42,2925379,$25.14,$25.15,$22.75
01/05/2018,24.43,3467380,$26.2,$26.3,$24.2
01/04/2018,24.27,4467893,$24.87,$25.48,$22.53
01/03/2018,24.36,5261013,$27.55,$27.68,$23.35
01/02/2018,27.9,4133821,$28.5,$28.7,$26
12/29/2017,28.4,4697678,$28.72,$29.59,$27.701
12/28/2017,27.23,3737894,$27.2,$28.8,$26.74
12/27/2017,29.8,8543689,$31.18,$33.28,$28.55
12/26/2017,31.22,11387800,$28.52,$31.94,$27.55
12/22/2017,24.52,13141780,$22.52,$26.46,$20.2
12/21/2017,27.6,12676340,$35.5,$36.07,$26.25
12/20/2017,36.12,13935980,$40.75,$41.75,$33.05
12/19/2017,38.6,30782830,$36.15,$46.2,$36
12/18/2017,36.47,29223530,$32.2,$45.99,$31.54
12/15/2017,28.5,12386790,$28,$29.49,$26.79
12/14/2017,24.98,8177499,$24.355,$26.14,$23.8
12/13/2017,23.03,13489060,$24.2,$26.6274,$22.1
12/12/2017,28.2,36044750,$26.25,$33.27,$25
12/11/2017,23.08,20221000,$19.06,$23.67,$17.75
12/08/2017,15.86,3875029,$14.6,$16.23,$14.5
12/07/2017,14.6,5669883,$14.25,$16.11,$13.8
12/06/2017,13.7018,2220134,$14.6,$14.88,$13.53
12/05/2017,14.14,2970808,$14.72,$14.75,$13.5
12/04/2017,15.07,5408901,$16.5,$16.72,$14.95
12/01/2017,15,5992143,$14.85,$15.48,$13.87
11/30/2017,13.5,4641609,$12.24,$14.2,$12.01
11/29/2017,13.18,8059130,$17.28,$17.42,$12.3
11/28/2017,15.25,12522650,$15.95,$17.1,$12.97
11/27/2017,15.6,17307170,$21.5,$21.7696,$15.54
11/24/2017,23.6,19192120,$18.45,$24,$18.39
11/22/2017,15.99,13538540,$12.3,$16.14,$11.4
11/21/2017,11.26,12098850,$10.35,$12.89,$10.2
11/20/2017,10.35,4957264,$8.46,$10.5,$8.06
11/17/2017,8.13,1505819,$8.3,$9.2,$7.99
11/16/2017,8.12,1116477,$8.2,$8.43,$7.6
11/15/2017,7.93,812518,$7.1,$8.0166,$7.02
11/14/2017,7.02,291920,$7.1,$7.2796,$6.89
11/13/2017,7.25,329224,$7.1,$7.4,$7
11/10/2017,7.16,398830,$7.5,$7.5,$6.8
11/09/2017,7.5,422571,$7.65,$7.824,$7.3
11/08/2017,7.78,575626,$8.8,$8.8,$7.6
11/07/2017,8.3,1236261,$7.89,$8.98,$7.4
11/06/2017,7.64,913218,$7,$7.9,$6.8
11/03/2017,6.75,247314,$7.03,$7.03,$6.61
11/02/2017,6.96,1006732,$7.75,$7.989,$6.331
11/01/2017,6.95,323465,$6.98,$7.2,$6.75
10/31/2017,6.8,296819,$7.1,$7.3399,$6.5
10/30/2017,7.05,226972,$7.06,$7.44,$6.91
10/27/2017,6.91,330252,$7.53,$7.53,$6.79
10/26/2017,7.26,389392,$7.35,$7.6,$6.74
10/25/2017,7.2,634402,$7.99,$7.99,$6.73
10/24/2017,7.9,681328,$8.73,$8.7547,$7.6001
10/23/2017,8.75,1354228,$8.84,$9.5,$8.3
10/20/2017,8.49,856290,$7.99,$8.5,$7.16
10/19/2017,7.7892,219812,$7.68,$8.4,$7.52
10/18/2017,7.67,391617,$8.04,$8.1,$7.14
10/17/2017,8.13,1080519,$8,$8.7,$7.467
10/16/2017,7.55,275781,$7.89,$7.99,$7.2928
10/13/2017,7.9,663510,$8.01,$8.24,$7.2
10/12/2017,8.2,910231,$9.35,$9.35,$7.4
10/11/2017,9.24,2445030,$8.75,$11.17,$8.75
10/10/2017,8.75,985025,$8.8,$9.6,$8.25
10/09/2017,8.74,1029484,$7.88,$9.1561,$7.49
10/06/2017,7.4,123462,$7.72,$7.85,$7.02
10/05/2017,7.3,318219,$7.99,$8.06,$7.01
10/04/2017,8.18,567373,$9.45,$9.5,$8
10/03/2017,8.09,277102,$6.8,$8.25,$6.51
10/02/2017,6.445,66703,$5.39,$7.235,$5.0601
09/29/2017,5.16,38763,$4.878,$5.31,$4.878
09/28/2017,4.98,18306,$4.5717,$5,$4.5717
09/27/2017,4.4999,7178,$4.4,$4.6,$4.28
09/26/2017,4.3,17073,$4.11,$4.52,$4.11
09/25/2017,4.11,16437,$4.27,$4.28,$3.97
09/22/2017,4.27,5703,$4.01,$4.31,$4.01
09/21/2017,4.29,51502,$4.4,$4.57,$4.29
09/20/2017,4.4,5583,$4.48,$4.48,$4.38
09/19/2017,4.6,21466,$4.2862,$4.67,$4.2862
09/18/2017,4.3,17657,$4.05,$4.4,$4.001
09/15/2017,4.25,50425,$4,$4.25,$3.95
09/14/2017,4.08,10638,$4.03,$4.17,$4.01
09/13/2017,4.13,41229,$3.98,$4.25,$3.97
09/12/2017,3.97,50180,$3.85,$4.1,$3.825
09/11/2017,3.8,8085,$3.91,$3.98,$3.75
09/08/2017,3.97,8286,$3.82,$4.0132,$3.6899
09/07/2017,3.9,55640,$3.85,$3.9,$3.7711
09/06/2017,3.96,7306,$3.95,$3.98,$3.85
09/05/2017,3.92,8507,$3.71,$3.9299,$3.71
09/01/2017,3.85,4872,$4,$4,$3.85
08/31/2017,3.96,22414,$3.66,$4,$3.6255
08/30/2017,3.61,10396,$3.63,$3.71,$3.58
08/29/2017,3.62,1955,$3.5399,$3.65,$3.5399
08/28/2017,3.55,8556,$3.48,$3.64,$3.4775
08/25/2017,3.48,10104,$3.5,$3.6,$3.4772
08/24/2017,3.6,6365,$3.4927,$3.61,$3.4927
08/23/2017,3.51,9742,$3.6001,$3.6838,$3.49
08/22/2017,3.55,8544,$3.702,$3.702,$3.49
08/21/2017,3.51,7004,$3.4969,$3.51,$3.4501
08/18/2017,3.62,2757,$3.4552,$3.6555,$3.4552
08/17/2017,3.7,591,$3.53,$3.7,$3.53
08/16/2017,3.6499,2947,$3.67,$3.68,$3.52
08/15/2017,3.68,4775,$3.69,$3.75,$3.67
08/14/2017,3.72,2128,$3.68,$3.72,$3.6699
08/11/2017,3.68,2158,$3.68,$3.75,$3.6799
08/10/2017,3.77,2128,$3.77,$3.81,$3.77
08/09/2017,3.72,7465,$3.8564,$3.8564,$3.68
08/08/2017,3.86,8877,$3.89,$3.949,$3.82
08/07/2017,3.9786,4045,$3.81,$3.98,$3.81
08/04/2017,3.83,12476,$3.73,$4.02,$3.67
08/03/2017,3.74,6293,$3.75,$3.89,$3.71
08/02/2017,3.69,1463,$3.73,$3.73,$3.69
08/01/2017,3.71,10163,$3.68,$3.72,$3.61
07/31/2017,3.74,11031,$3.78,$3.78,$3.561
07/28/2017,3.77,20637,$3.5,$3.8,$3.5
07/27/2017,3.62,12508,$3.5201,$3.65,$3.5201
07/26/2017,3.7,22627,$3.78,$3.78,$3.54
07/25/2017,3.81,9568,$3.816,$3.91,$3.71
07/24/2017,3.91,11395,$3.94,$3.97,$3.7
07/21/2017,3.86,12976,$3.977,$3.98,$3.86
07/20/2017,3.95,847,$3.94,$3.95,$3.94
07/19/2017,4.02,5506,$4.02,$4.09,$3.9354
07/18/2017,4.0201,4575,$3.96,$4.06,$3.96
07/17/2017,4,7549,$3.97,$4.0903,$3.97
07/14/2017,3.91,33108,$4,$4.12,$3.83
07/13/2017,3.83,50389,$3.61,$4.0422,$3.61
07/12/2017,3.6501,25280,$3.8,$3.8,$3.6501
07/11/2017,3.75,4608,$3.75,$3.83,$3.72
07/10/2017,3.84,7401,$4.0402,$4.0402,$3.84
07/07/2017,3.96,18524,$3.91,$4.037,$3.91
07/06/2017,3.9,3257,$3.9,$3.9,$3.9
07/05/2017,3.92,2607,$4.0977,$4.0977,$3.9
07/03/2017,3.87,17535,$4.03,$4.03,$3.65
06/30/2017,4.08,17787,$3.95,$4.09,$3.71
06/29/2017,3.99,4616,$3.96,$4.04,$3.95
06/28/2017,3.99,5960,$3.97,$4.01,$3.93
06/27/2017,4,6170,$3.91,$4.05,$3.91
06/26/2017,4.009,15462,$4,$4.0119,$3.9
06/23/2017,3.94,22264,$3.99,$4,$3.91
06/22/2017,3.94,18949,$3.84,$4.1,$3.84
06/21/2017,3.901,28789,$4.05,$4.07,$3.901
06/20/2017,4.01,9312,$3.9301,$4.0499,$3.89
06/19/2017,4,19143,$3.84,$4.1,$3.75
06/16/2017,3.59,37859,$4.1,$4.11,$3.59
06/15/2017,4.03,21629,$3.965,$4.12,$3.95
06/14/2017,3.93,7039,$3.99,$4,$3.93
06/13/2017,4.02,6295,$3.7967,$4.04,$3.7967
06/12/2017,3.98,7276,$4,$4,$3.8
06/09/2017,4,6462,$3.98,$4,$3.94
06/08/2017,4.01,20466,$3.98,$4.04,$3.9
06/07/2017,3.95,11074,$3.98,$3.99,$3.776
06/06/2017,3.93,23988,$3.93,$3.94,$3.8
06/05/2017,3.95,11606,$3.89,$3.96,$3.88
06/02/2017,3.91,14614,$3.85,$3.95,$3.781
06/01/2017,3.8,1061,$3.844,$3.9,$3.8
05/31/2017,3.89,59382,$3.6,$3.94,$3.6
05/30/2017,3.705,1207,$3.697,$3.71,$3.61
05/26/2017,3.62,29445,$3.48,$3.69,$3.48
05/25/2017,3.63,2669,$3.59,$3.79,$3.58
05/24/2017,3.52,2826,$3.56,$3.65,$3.5101
05/23/2017,3.59,6051,$3.75,$3.75,$3.551
05/22/2017,3.65,4564,$3.9334,$3.9334,$3.56
05/19/2017,3.63,3068,$3.4571,$3.63,$3.4571
05/18/2017,3.63,10952,$3.42,$3.7,$3.41
05/17/2017,3.42,13455,$3.43,$3.56,$3.41
05/16/2017,3.5,8171,$3.5,$3.65,$3.4501
05/15/2017,3.7,4767,$3.63,$3.7781,$3.63
05/12/2017,3.62,28221,$3.53,$3.769,$3.4
05/11/2017,3.54,10424,$3.6,$3.62,$3.5179
05/10/2017,3.65,30470,$3.82,$3.828,$3.5
05/09/2017,3.79,51021,$3.86,$4.1,$3.68
05/08/2017,3.74,36849,$3.6,$4.15,$3.6
05/05/2017,3.76,17336,$3.62,$3.76,$3.47
05/04/2017,3.71,17634,$3.71,$3.73,$3.65
05/03/2017,3.75,17051,$3.76,$3.81,$3.62
05/02/2017,3.76,21703,$3.7,$3.77,$3.6
05/01/2017,3.66,26497,$3.7,$3.75,$3.63
04/28/2017,3.65,18309,$3.68,$3.75,$3.54
04/27/2017,3.72,12095,$3.73,$3.9,$3.72
04/26/2017,3.76,24923,$3.8,$4.04,$3.71
04/25/2017,3.76,12543,$3.68,$4.05,$3.68
04/24/2017,3.85,12692,$3.83,$4.21,$3.83
04/21/2017,3.81,31151,$3.85,$3.981,$3.77
04/20/2017,3.86,9792,$4.03,$4.03,$3.78
04/19/2017,3.99,16606,$3.97,$4.04,$3.87
04/18/2017,3.93,23099,$4.17,$4.28,$3.93
04/17/2017,4.15,20231,$4.16,$4.23,$4.08
04/13/2017,4.02,16075,$4.06,$4.15,$3.85
04/12/2017,4.13,15447,$4.13,$4.2399,$4.07
04/11/2017,4.13,9261,$3.9,$4.199,$3.9
04/10/2017,4.18,12265,$4.02,$4.195,$3.64
04/07/2017,4.02,15212,$4.14,$4.19,$4
04/06/2017,4.14,18493,$4.01,$4.15,$3.85
04/05/2017,3.81,17740,$3.82,$4.2,$3.81
04/04/2017,3.91,18004,$3.95,$4.0656,$3.71
04/03/2017,3.87,15753,$4,$4,$3.82
03/31/2017,4,19718,$3.92,$4.19,$3.92
03/30/2017,3.95,96598,$3.85,$4.409,$3.85
03/29/2017,4.0131,123662,$3.495,$4.1,$3.495
03/28/2017,3.51,1239,$3.48,$3.57,$3.48
03/27/2017,3.48,38755,$3.41,$3.55,$3.37
03/24/2017,3.37,10077,$3.305,$3.5,$3.305
03/23/2017,3.33,8870,$3.57,$3.57,$3.26
03/22/2017,3.49,7338,$3.19,$3.49,$3.06
03/21/2017,3.2,556,$3.31,$3.31,$3.2
03/20/2017,3.31,3127,$3.25,$3.31,$3.24
03/17/2017,3.34,80097,$3.49,$3.5,$3.1926
03/16/2017,3.56,12263,$3.5,$3.6388,$3.5
03/15/2017,3.56,15528,$3.45,$3.63,$3.4
03/14/2017,3.45,7788,$3.3401,$3.5,$3.3401
03/13/2017,3.53,2748,$3.3451,$3.56,$3.3451
03/10/2017,3.44,49551,$3.3,$3.6047,$3.2995
03/09/2017,3.25,10578,$3.12,$3.28,$3.12
03/08/2017,3.12,5466,$3.12,$3.141,$3.12
03/07/2017,3.12,250,$3.12,$3.12,$3.12
03/06/2017,3.13,11389,$3.13,$3.18,$3.12
03/03/2017,3.13,2033,$3.149,$3.19,$3.11
03/02/2017,3.12,4166,$3.12,$3.21,$3.11
03/01/2017,3.14,14871,$3.08,$3.18,$3.06
02/28/2017,3.08,17402,$3.24,$3.24,$3.06
02/27/2017,3.24,2366,$3.172,$3.24,$3.16
02/24/2017,3.15,12611,$3.07,$3.2599,$3.07
02/23/2017,3.18,6211,$3.1399,$3.1899,$3.1399
02/22/2017,3.15,9706,$3.176,$3.23,$3.15
02/21/2017,3.2,5650,$3.15,$3.3,$3.15
02/17/2017,3.28,2380,$3.2,$3.3,$3.2
02/16/2017,3.22,5351,$3.25,$3.38,$3.22
02/15/2017,3.32,12251,$3.2,$3.3261,$3.145
02/14/2017,3.21,35822,$3.08,$3.24,$3.08
02/13/2017,3.25,3246,$3.3,$3.31,$3.2
02/10/2017,3.38,13669,$3.55,$3.55,$3.2701
02/09/2017,3.4,26390,$3.15,$3.4,$3.15
02/08/2017,3.1848,18218,$3.3051,$3.419,$3.1848
02/07/2017,3.4,58510,$3.266,$3.65,$3.165
02/06/2017,3.23,5656,$3.1,$3.29,$3.1
02/03/2017,3.13,5902,$3.12,$3.21,$3.12
02/02/2017,3.1384,4712,$3.264,$3.4,$3.12
02/01/2017,3.25,4775,$3.08,$3.25,$3.08
01/31/2017,3.15,6851,$3.1,$3.15,$3.07
01/30/2017,3.1181,1788,$3.09,$3.13,$3.08
01/27/2017,3.11,30377,$3.11,$3.14,$3.05
01/26/2017,3.1,12289,$3.11,$3.1259,$3.0201
01/25/2017,3.22,1373,$3.08,$3.2203,$3.08
01/24/2017,3.1,54069,$3.35,$3.37,$3.07
01/23/2017,3.3666,9935,$3.44,$3.443,$3.35
01/20/2017,3.43,17747,$3.41,$3.53,$3.3
01/19/2017,3.42,4705,$3.4,$3.45,$3.4
01/18/2017,3.48,27226,$3.4899,$3.59,$3.3601
01/17/2017,3.53,11027,$3.81,$3.81,$3.4915
01/13/2017,3.66,352900,$3.82,$4.3336,$3.4
01/12/2017,3.65,37127,$3.33,$3.7456,$3.33
01/11/2017,3.69,35101,$3.63,$3.7902,$3.63
01/10/2017,3.63,19452,$3.83,$4.0899,$3.63
01/09/2017,3.76,61943,$4.186,$4.186,$3.75
01/06/2017,4.2,1607,$4.004,$4.2,$4.004
01/05/2017,4.14,16815,$4.5,$4.5,$4
01/04/2017,4.38,59683,$3.97,$4.8,$3.97
01/03/2017,3.82,44492,$3.61,$3.95,$3.61
12/30/2016,3.84,92646,$3.51,$3.84,$3.5
12/29/2016,3.56,20172,$3.4793,$3.68,$3.4793
12/28/2016,3.48,10383,$3.5,$3.63,$3.45
12/27/2016,3.5,15730,$3.67,$3.67,$3.5
12/23/2016,3.53,61961,$3.52,$3.79,$3.39
12/22/2016,3.6,17987,$3.765,$3.765,$3.5
12/21/2016,3.8,119674,$3.33,$3.8,$3.33
12/20/2016,3.65,66570,$3.79,$3.9,$3.5701
12/19/2016,3.64,33332,$3.51,$3.64,$3.4
12/16/2016,3.76,11504,$3.41,$3.94,$3.41
12/15/2016,3.63,20100,$3.7,$3.8,$3.6
12/14/2016,3.8954,19115,$3.55,$4,$3.53
12/13/2016,3.53,8458,$4,$4.4,$3.53
12/12/2016,4.19,6250,$4.33,$4.42,$4.19
12/09/2016,3.94,116276,$3.76,$4.05,$3.56
12/08/2016,3.95,32878,$4.15,$4.15,$3.8
12/07/2016,4.23,25378,$4.15,$4.33,$3.93
12/06/2016,4.24,48137,$4.05,$4.6,$4.03
12/05/2016,4.11,77326,$4.07,$4.2489,$3.74
12/02/2016,4.05,322619,$4,$4.2399,$3.71
12/01/2016,4.4,2873629,$3.05,$5.92,$3.05
11/30/2016,3,12909,$2.85,$3.05,$2.661
11/29/2016,2.9,2696,$2.88,$2.9,$2.88
11/28/2016,2.93,10426,$2.82,$3.05,$2.8074
11/25/2016,2.8,2050,$2.75,$2.8,$2.75
11/23/2016,2.75,8403,$2.739,$2.78,$2.72
11/22/2016,2.8,1254,$2.7769,$2.82,$2.7769
11/21/2016,2.82,12599,$2.81,$2.85,$2.69
11/18/2016,2.81,5575,$2.934,$2.95,$2.721
11/17/2016,2.85,29875,$2.97,$3.0909,$2.82
11/16/2016,2.97,38327,$2.721,$2.99,$2.67
11/15/2016,2.67,93665,$2.91,$2.91,$2.47
11/14/2016,2.73,69188,$2.36,$2.7399,$2.33
11/11/2016,2.66,15517,$2.5985,$2.73,$2.5985
11/10/2016,2.58,6126,$2.43,$2.58,$2.42
11/09/2016,2.52,15929,$2.57,$2.919,$2.48
11/08/2016,2.63,22548,$2.7,$2.8799,$2.63
11/07/2016,2.74,22140,$2.64,$2.74,$2.32
11/04/2016,2.41,5331,$2.66,$2.66,$2.41
11/03/2016,2.54,13927,$2.51,$2.56,$2.5
11/02/2016,2.44,31175,$2.75,$2.75,$2.44
11/01/2016,2.725,8658,$2.705,$2.78,$2.7
10/31/2016,2.7,6206,$2.6511,$2.72,$2.6511
10/28/2016,2.65,4787,$2.6,$2.66,$2.4901
10/27/2016,2.56,13130,$2.642,$2.7,$2.56
10/26/2016,2.92,7672,$2.8002,$3.06,$2.8002
10/25/2016,2.71,3056,$2.82,$2.82,$2.71
10/24/2016,2.82,9764,$2.8,$2.914,$2.8
10/21/2016,2.76,7710,$2.561,$2.97,$2.561
10/20/2016,2.77,813,$2.8061,$2.8061,$2.76
10/19/2016,2.76,25700,$2.69,$2.8231,$2.651
10/18/2016,2.72,65511,$2.53,$2.89,$2.5
10/17/2016,2.5,19846,$2.4,$2.57,$2.4
10/14/2016,2.4,26567,$2.32,$2.42,$2.29
10/13/2016,2.32,49798,$2.3,$2.43,$2.19
10/12/2016,2.31,13270,$2.38,$2.42,$2.14
10/11/2016,2.4,39339,$2.57,$2.57,$2.35
10/10/2016,2.57,5367,$2.646,$2.646,$2.57
10/07/2016,2.65,5861,$2.7,$2.81,$2.625
10/06/2016,2.67,44130,$2.74,$2.88,$2.65
10/05/2016,2.74,69268,$2.79,$2.79,$2.6
10/04/2016,2.73,9097,$2.81,$2.81,$2.7
10/03/2016,2.79,14148,$2.97,$2.97,$2.79
09/30/2016,3.03,42843,$2.93,$3.0789,$2.68
09/29/2016,2.94,61988,$3.03,$3.1899,$2.83
09/28/2016,3.07,35387,$3.15,$3.24,$3.0349
09/27/2016,3.17,32062,$3.18,$3.2,$2.9971
09/26/2016,3.22,79869,$3.7,$3.76,$3.07
09/23/2016,3.57,34195,$3.67,$3.74,$3.46
09/22/2016,3.67,10443,$3.89,$3.89,$3.67
09/21/2016,3.78,12844,$3.8,$3.86,$3.673
09/20/2016,3.7,72886,$4.45,$4.45,$3.57
09/19/2016,4.54,124876,$4.49,$4.55,$4.38
09/16/2016,4.48,99192,$4.2,$4.48,$4.01
09/15/2016,4.19,133325,$3.75,$4.36,$3.75
09/14/2016,3.73,143082,$4.28,$4.3662,$3.45
09/13/2016,4.36,84823,$4.09,$4.47,$4.09
09/12/2016,4.11,78646,$3.84,$4.22,$3.84
09/09/2016,3.94,20404,$3.93,$3.95,$3.8
09/08/2016,3.98,26190,$3.69,$3.99,$3.69
09/07/2016,3.8,102740,$3.811,$4.09,$3.5601
09/06/2016,3.8292,5728,$3.79,$3.88,$3.68
09/02/2016,3.76,229073,$3.9,$3.9,$3.68
09/01/2016,3.8601,61448,$3.63,$3.9,$3.63
08/31/2016,3.64,36273,$3.52,$3.7,$3.51
08/30/2016,3.64,66184,$3.59,$3.6587,$3.48
08/29/2016,3.58,99581,$3.32,$3.6,$3.28
08/26/2016,3.27,4630,$3.282,$3.32,$3.26
08/25/2016,3.31,7888,$3.37,$3.37,$3.25
08/24/2016,3.35,14118,$3.37,$3.41,$3.28
08/23/2016,3.39,123822,$3.1,$3.39,$3.1
08/22/2016,3.1,3119,$3.2,$3.25,$3.1
08/19/2016,3.12,20847,$3.13,$3.25,$3.0975
08/18/2016,3.11,5846,$3.13,$3.2,$3.11
08/17/2016,3.1899,18314,$3.21,$3.21,$3.09
08/16/2016,3.27,1264,$3.17,$3.27,$3.0901
08/15/2016,3.2,18610,$3.15,$3.2872,$3.09
08/12/2016,3.16,8483,$3.24,$3.24,$3.16
08/11/2016,3.29,7384,$3.14,$3.3999,$3.12
08/10/2016,3.22,35557,$3.14,$3.24,$2.99
08/09/2016,3.16,14523,$3.18,$3.28,$3.15
08/08/2016,3.18,33648,$3.21,$3.35,$3.13
08/05/2016,3.1573,35870,$3.34,$3.3825,$3.14
08/04/2016,3.19,5625,$3.349,$3.349,$3.19
08/03/2016,3.2001,91608,$3.2917,$3.38,$3.19
08/02/2016,3.29,21859,$3.3,$3.38,$3.27
08/01/2016,3.3451,55462,$3.4,$3.4,$3.045
07/29/2016,3.37,39517,$3.35,$3.4,$3.32
07/28/2016,3.32,16102,$3.41,$3.44,$3.305
07/27/2016,3.45,16904,$3.48,$3.52,$3.36
07/26/2016,3.41,6230,$3.48,$3.69,$3.38
07/25/2016,3.55,8171,$3.5,$3.55,$3.41
07/22/2016,3.59,135600,$3.59,$3.7,$3.51
07/21/2016,3.55,3789,$3.51,$3.56,$3.4411
07/20/2016,3.46,2366,$3.53,$3.53,$3.441
07/19/2016,3.46,62216,$3.57,$3.57,$3.28
07/18/2016,3.536,34572,$3.66,$3.664,$3.536
07/15/2016,3.64,25638,$3.41,$3.6499,$3.34
07/14/2016,3.43,18676,$3.5,$3.5772,$3.351
07/13/2016,3.639,26213,$3.35,$3.639,$3.35
07/12/2016,3.39,68513,$3.44,$3.66,$3.3303
07/11/2016,3.45,2640,$3.5066,$3.5066,$3.45
07/08/2016,3.49,8649,$3.3748,$3.56,$3.36
07/07/2016,3.4817,1167,$3.412,$3.4876,$3.412
07/06/2016,3.44,2587,$3.5,$3.5,$3.44
07/05/2016,3.49,1812,$3.43,$3.49,$3.43
07/01/2016,3.49,40628,$3.57,$3.58,$3.4
06/30/2016,3.51,14722,$3.43,$3.57,$3.3301
06/29/2016,3.42,4656,$3.26,$3.45,$3.2
06/28/2016,3.2201,4496,$3.18,$3.36,$3.18
06/27/2016,3.21,24464,$3.39,$3.39,$3.21
06/24/2016,3.48,4457,$3.52,$3.56,$3.38
06/23/2016,3.6,34037,$3.57,$3.73,$3.57
06/22/2016,3.52,7415,$3.58,$3.62,$3.465
06/21/2016,3.61,4147,$3.6,$3.61,$3.57
06/20/2016,3.59,19465,$3.49,$3.6,$3.49
06/17/2016,3.5101,13025,$3.23,$3.52,$3.22
06/16/2016,3.26,148792,$3.46,$3.46,$3
06/15/2016,3.38,8519,$3.34,$3.6099,$3.34
06/14/2016,3.3001,5214,$3.28,$3.3464,$3.28
06/13/2016,3.31,42120,$3.45,$3.51,$3.25
06/10/2016,3.5,18246,$3.61,$3.62,$3.43
06/09/2016,3.64,5726,$3.84,$3.84,$3.6
06/08/2016,3.71,36685,$3.7006,$3.7801,$3.7
06/07/2016,3.61,47287,$3.69,$3.9,$3.6
06/06/2016,3.74,19320,$3.55,$3.85,$3.55
06/03/2016,3.581,14651,$3.7037,$3.7037,$3.49
06/02/2016,3.69,39448,$3.4301,$3.8,$3.4301
06/01/2016,3.42,58197,$3.31,$3.51,$3.2301
05/31/2016,3.34,19579,$3.36,$3.42,$3.25
05/27/2016,3.38,34248,$3.41,$3.5,$3.22
05/26/2016,3.44,26865,$3.47,$3.55,$3.2801
05/25/2016,3.47,146738,$3.37,$3.61,$3.21
05/24/2016,3.4,44707,$3.52,$3.66,$3.33
05/23/2016,3.54,70765,$3.69,$3.8199,$3.42
05/20/2016,3.66,131377,$4,$4,$3.6
05/19/2016,3.97,182369,$3.4,$4.04,$3.39
05/18/2016,3.63,2137385,$6,$6.65,$3.34
05/17/2016,4.43,491272,$3.75,$4.43,$3.75
05/16/2016,3.59,228718,$3.17,$3.909,$3.17
05/13/2016,3.2,37723,$3.01,$3.2,$3
05/12/2016,3.01,23326,$3.12,$3.15,$3.01
05/11/2016,3.12,45269,$2.69,$3.15,$2.69
05/10/2016,3.1071,73875,$2.7201,$3.14,$2.7201
05/09/2016,2.83,26356,$2.88,$2.92,$2.83
05/06/2016,2.81,8421,$2.7223,$2.8499,$2.7223
05/05/2016,2.88,36345,$2.77,$2.99,$2.59
05/04/2016,2.8899,2637,$2.94,$2.94,$2.8
05/03/2016,2.95,25632,$2.68,$2.99,$2.52
05/02/2016,2.94,28847,$3.06,$3.06,$2.58
04/29/2016,3.09,10225,$3.18,$3.18,$2.97
04/28/2016,3,5039,$3.01,$3.01,$2.92
04/27/2016,3.02,20588,$3.02,$3.07,$2.98
04/26/2016,3.06,41717,$2.81,$3.07,$2.8
04/25/2016,2.91,7272,$3.02,$3.04,$2.89
04/22/2016,3.0699,28109,$3,$3.1,$3
04/21/2016,3.02,16546,$3.04,$3.1,$2.96
04/20/2016,3.08,26168,$3.06,$3.1,$2.99
04/19/2016,3.1,25999,$2.98,$3.125,$2.98
04/18/2016,2.98,3954,$3.05,$3.097,$2.98
04/15/2016,3.03,7014,$3.16,$3.16,$2.98
04/14/2016,3.0044,33403,$3.01,$3.14,$2.98
04/13/2016,2.99,48222,$3.03,$3.11,$2.985
04/12/2016,3.04,191502,$3.09,$3.1,$2.95
04/11/2016,3.0401,46411,$2.99,$3.14,$2.86
04/08/2016,2.97,18285,$3.01,$3.148,$2.9
04/07/2016,2.99,134684,$2.98,$3.11,$2.8023
04/06/2016,2.98,20580,$3.09,$3.18,$2.8501
04/05/2016,3.02,223942,$2.88,$3.3,$2.69
04/04/2016,2.9499,118958,$2.57,$3.03,$2.57
04/01/2016,2.63,47924,$2.6,$2.69,$2.47
03/31/2016,2.7,81896,$2.31,$2.835,$2.31
03/30/2016,2.4,49955,$2.4,$2.48,$2.28
03/29/2016,2.4,19048,$2.36,$2.56,$2.2
03/28/2016,2.4,9400,$2.472,$2.62,$2.4
03/24/2016,2.4008,59162,$2.304,$2.56,$2.16
03/23/2016,2.24,24736,$2.568,$2.568,$2.24
03/22/2016,2.4696,45364,$2.4272,$2.56,$2.3208
03/21/2016,2.312,42065,$2.36,$2.6392,$2.2856
03/18/2016,2.2856,148819,$2.28,$2.552,$2.0808
03/17/2016,2.216,71492,$2.192,$2.3984,$2.0008
03/16/2016,2.264,245737,$1.84,$2.4,$1.84
03/15/2016,1.7688,134697,$1.84,$1.92,$1.6808
03/14/2016,1.784,86882,$1.6,$1.84,$1.6
03/11/2016,1.6208,13726,$1.68,$1.7584,$1.608
03/10/2016,1.68,8408,$1.872,$1.88,$1.68
03/09/2016,1.76,13532,$1.84,$1.868,$1.688
03/08/2016,1.76,8498,$1.88,$1.88,$1.76
03/07/2016,1.8448,14901,$1.752,$1.884,$1.72
03/04/2016,1.76,4017,$1.824,$1.952,$1.72
03/03/2016,1.8808,21998,$1.728,$1.928,$1.6432
03/02/2016,1.7208,3345,$1.68,$1.76,$1.68
03/01/2016,1.644,3604,$1.736,$1.76,$1.6432
02/29/2016,1.6808,492,$1.752,$1.912,$1.68
02/26/2016,1.68,3293,$1.76,$1.792,$1.68
02/25/2016,1.72,2905,$1.824,$1.8256,$1.68
02/24/2016,1.8264,6678,$1.84,$1.84,$1.6432
02/23/2016,1.7808,2105,$1.92,$1.92,$1.6952
02/22/2016,1.904,19146,$1.728,$1.9208,$1.6808
02/19/2016,1.688,11219,$1.84,$1.9984,$1.6432
02/18/2016,1.8008,4581,$1.7048,$1.9864,$1.7048
02/17/2016,1.7048,15252,$1.72,$1.76,$1.6432
02/16/2016,1.744,50920,$1.816,$1.84,$1.608
02/12/2016,1.7424,11773,$1.768,$1.9104,$1.688
02/11/2016,1.76,7641,$1.8696,$2.1,$1.76
02/10/2016,1.92,15565,$2,$2,$1.7856
02/09/2016,1.888,11020,$2.048,$2.1336,$1.888
02/08/2016,2,33971,$2.08,$2.296,$1.88
02/05/2016,2.0992,5711,$2.304,$2.304,$2.088
02/04/2016,2.312,25301,$2.1032,$2.3192,$2.0008
02/03/2016,2.1592,18454,$2,$2.1592,$1.928
02/02/2016,2,50634,$2.16,$2.16,$1.928
02/01/2016,2.1584,2481,$2.152,$2.16,$2.0008
01/29/2016,2.12,11708,$2.16,$2.16,$2.096
01/28/2016,2.104,63483,$2.48,$2.48,$1.952
01/27/2016,2.3184,324188,$2.88,$2.952,$2.18
01/26/2016,2,15927,$1.928,$2.0792,$1.916
01/25/2016,1.9608,22391,$1.808,$2.08,$1.7992
01/22/2016,1.8792,10502,$1.904,$1.9192,$1.76
01/21/2016,1.8376,421,$1.92,$1.92,$1.832
01/20/2016,1.92,10096,$1.9176,$1.92,$1.688
01/19/2016,1.8632,6621,$1.824,$1.96,$1.76
01/15/2016,1.76,5181,$1.824,$1.96,$1.76
01/14/2016,1.96,5596,$1.844,$1.9984,$1.768
01/13/2016,1.84,15632,$1.9848,$2.1584,$1.84
01/12/2016,1.9928,8765,$2.128,$2.1592,$1.984
01/11/2016,2.1784,35739,$2.32,$2.32,$1.88
01/08/2016,2.3216,13486,$2.2408,$2.4,$2.2088
01/07/2016,2.2856,29372,$2.368,$2.4392,$2.24
01/06/2016,2.32,17770,$2.404,$2.4056,$2.32
01/05/2016,2.52,13973,$2.4,$2.5464,$2.4
01/04/2016,2.4056,7728,$2.4,$2.556,$2.3616
12/31/2015,2.436,46384,$2.4,$2.48,$2.28
12/30/2015,2.416,10765,$2.472,$2.48,$2.28
12/29/2015,2.4552,44933,$2.336,$2.552,$2.3232
12/28/2015,2.3816,65352,$2.3552,$2.56,$2.288
12/24/2015,2.4,8507,$2.536,$2.56,$2.344
12/23/2015,2.48,5916,$2.3288,$2.56,$2.3288
12/22/2015,2.56,35663,$2.408,$2.624,$2.264
12/21/2015,2.4792,9367,$2.544,$2.544,$2.328
12/18/2015,2.56,13148,$2.4144,$2.6336,$2.4
12/17/2015,2.48,8586,$2.5584,$2.6392,$2.4008
12/16/2015,2.5496,10003,$2.52,$2.56,$2.4
12/15/2015,2.56,9367,$2.536,$2.56,$2.48
12/14/2015,2.48,14633,$2.592,$2.6312,$2.408
12/11/2015,2.576,4621,$2.632,$2.632,$2.48
12/10/2015,2.56,8096,$2.48,$2.632,$2.48
12/09/2015,2.5488,3413,$2.48,$2.632,$2.364
12/08/2015,2.5592,1932,$2.56,$2.56,$2.48
12/07/2015,2.4792,6879,$2.48,$2.624,$2.4
12/04/2015,2.48,50311,$2.488,$2.6312,$2.4112
12/03/2015,2.504,4652,$2.6408,$2.6408,$2.488
12/02/2015,2.5608,35645,$2.768,$2.88,$2.48
12/01/2015,2.8,17033,$2.72,$2.92,$2.712
11/30/2015,2.816,106271,$2.5768,$3.004,$2.528
11/27/2015,2.656,11183,$2.56,$2.7992,$2.56
11/25/2015,2.64,91390,$2.6952,$3.104,$2.584
11/24/2015,2.6392,102249,$2.4,$2.704,$2.3184
11/23/2015,2.4,10902,$2.3984,$2.456,$2.2424
11/20/2015,2.352,4772,$2.328,$2.4544,$2.32
11/19/2015,2.3784,55316,$2.312,$2.4792,$2.24
11/18/2015,2.248,4955,$2.36,$2.36,$2.1608
11/17/2015,2.12,24390,$2.24,$2.4696,$2
11/16/2015,2.24,9694,$2.4752,$2.4752,$2.2224
11/13/2015,2.32,7285,$2.4,$2.552,$2.32
11/12/2015,2.48,7548,$2.4,$2.48,$2.32
11/11/2015,2.4,11586,$2.28,$2.48,$2.28
11/10/2015,2.24,7892,$2.32,$2.36,$2.24
11/09/2015,2.24,3816,$2.272,$2.36,$2.24
11/06/2015,2.248,8156,$2.4,$2.4,$2.2432
11/05/2015,2.248,23397,$2.512,$2.512,$2.248
11/04/2015,2.48,5667,$2.512,$2.512,$2.4
11/03/2015,2.48,58836,$2.28,$2.512,$2.216
11/02/2015,2.28,19026,$2.272,$2.28,$2.2
10/30/2015,2.28,20520,$2.24,$2.312,$2.2
10/29/2015,2.28,15548,$2.24,$2.32,$2.24
10/28/2015,2.24,12770,$2.32,$2.32,$2.176
10/27/2015,2.168,4989,$2.24,$2.24,$2.1672
10/26/2015,2.24,19679,$2.24,$2.4,$2.1608
10/23/2015,2.28,30123,$2.32,$2.36,$2.2
10/22/2015,2.384,46390,$2.388,$2.4,$2.24
10/21/2015,2.2392,68275,$2.2,$2.36,$1.728
10/20/2015,2.16,27208,$2.4,$2.4,$2.16
10/19/2015,2.3192,39198,$2.276,$2.4,$2.2384
10/16/2015,2.3192,28705,$2.3984,$2.4792,$2.28
10/15/2015,2.4,43926,$2.208,$2.4,$2.2
10/14/2015,2.24,21121,$2.48,$2.48,$2.2
10/13/2015,2.256,27667,$2.48,$2.64,$2.1784
10/12/2015,2.544,14157,$2.56,$2.56,$2.4
10/09/2015,2.6,5465,$2.64,$2.64,$2.48
10/08/2015,2.64,6761,$2.7096,$2.7104,$2.5792
10/07/2015,2.6408,4085,$2.704,$2.712,$2.5768
10/06/2015,2.68,3804,$2.568,$2.712,$2.568
10/05/2015,2.592,12471,$2.784,$2.784,$2.4824
10/02/2015,2.7192,5550,$2.88,$2.88,$2.5928
10/01/2015,2.6712,3382,$2.44,$2.7184,$2.44
09/30/2015,2.456,7700,$2.6776,$2.6776,$2.44
09/29/2015,2.576,9759,$2.6376,$2.7976,$2.5632
09/28/2015,2.64,13458,$2.728,$2.94,$2.544
09/25/2015,2.8,20309,$2.96,$3.0384,$2.728
09/24/2015,2.96,21315,$2.88,$3.0632,$2.7608
09/23/2015,2.88,25204,$3.056,$3.0776,$2.808
09/22/2015,3.0384,22285,$3.1376,$3.2072,$2.7608
09/21/2015,3.2272,8620,$3.28,$3.3792,$3.0584
09/18/2015,3.28,10314,$3.208,$3.28,$3.052
09/17/2015,3.28,17267,$3.344,$3.344,$3.2
09/16/2015,3.096,22763,$3.2552,$3.38,$3.0808
09/15/2015,3.2,14623,$3.2,$3.436,$3.2
09/14/2015,3.2016,6850,$3.2008,$3.352,$3.2008
09/11/2015,3.3128,2902,$3.28,$3.316,$3.24
09/10/2015,3.2016,14495,$3.3432,$3.464,$3.2008
09/09/2015,3.3432,22196,$3.464,$3.464,$3.2
09/08/2015,3.424,14414,$3.4152,$3.464,$3.3088
09/04/2015,3.384,19670,$3.3584,$3.424,$3.2808
09/03/2015,3.36,3666,$3.3584,$3.412,$3.2824
09/02/2015,3.416,5497,$3.24,$3.416,$3.24
09/01/2015,3.28,3894,$3.4,$3.4,$3.28
08/31/2015,3.4,28691,$3.2,$3.424,$3.184
08/28/2015,3.232,10913,$3.104,$3.32,$3.0408
08/27/2015,3.1768,12561,$3.176,$3.32,$3.0576
08/26/2015,3.12,5591,$3.2,$3.2,$3.0568
08/25/2015,3.1872,10207,$3.2792,$3.356,$3.1208
08/24/2015,3.0776,28105,$2.808,$3.28,$2.808
08/21/2015,3.2392,17883,$3.36,$3.36,$3.0568
08/20/2015,3.2,9897,$3.4792,$3.4792,$3.2
08/19/2015,3.2568,39108,$3.232,$3.52,$3.216
08/18/2015,3.28,5050,$3.1216,$3.3552,$3.1216
08/17/2015,3.3176,6373,$3.216,$3.3264,$3.12
08/14/2015,3.2792,3505,$3.28,$3.3552,$3.2008
08/13/2015,3.3488,1936,$3.28,$3.3488,$3.1616
08/12/2015,3.28,2975,$3.168,$3.3552,$3.168
08/11/2015,3.28,22900,$3.2,$3.3592,$3.164
08/10/2015,3.2,28626,$3.12,$3.3584,$3.0488
08/07/2015,3.1288,15864,$3.12,$3.36,$3.04
08/06/2015,3.16,21176,$3.352,$3.4392,$3
08/05/2015,3.288,15839,$3.3296,$3.44,$3.288
08/04/2015,3.3304,72649,$3.52,$3.76,$3.288
08/03/2015,3.52,5043,$3.44,$3.5984,$3.44
07/31/2015,3.5384,18965,$3.432,$3.5992,$3.3968
07/30/2015,3.4,27988,$3.424,$3.5192,$3.3008
