Date,Open
07/30/2015,2106.78
07/31/2015,2111.6
08/01/2015,2104.49
08/02/2015,2104.49
08/03/2015,2104.49
08/04/2015,2097.68
08/05/2015,2095.27
08/06/2015,2100.75
08/07/2015,2082.61
08/08/2015,2080.98
08/09/2015,2080.98
08/10/2015,2080.98
08/11/2015,2102.66
08/12/2015,2081.1
08/13/2015,2086.19
08/14/2015,2083.15
08/15/2015,2089.7
08/16/2015,2089.7
08/17/2015,2089.7
08/18/2015,2101.99
08/19/2015,2095.69
08/20/2015,2076.61
08/21/2015,2034.08
08/22/2015,1965.15
08/23/2015,1965.15
08/24/2015,1965.15
08/25/2015,1898.08
08/26/2015,1872.75
08/27/2015,1942.77
08/28/2015,1986.06
08/29/2015,1986.73
08/30/2015,1986.73
08/31/2015,1986.73
09/01/2015,1970.09
09/02/2015,1916.52
09/03/2015,1950.79
09/04/2015,1947.76
09/05/2015,1927.3
09/06/2015,1927.3
09/07/2015,1927.3
09/08/2015,1927.3
09/09/2015,1971.45
09/10/2015,1941.59
09/11/2015,1951.45
09/12/2015,1963.06
09/13/2015,1963.06
09/14/2015,1963.06
09/15/2015,1955.1
09/16/2015,1978.02
09/17/2015,1995.33
09/18/2015,1989.66
09/19/2015,1960.84
09/20/2015,1960.84
09/21/2015,1960.84
09/22/2015,1961.39
09/23/2015,1943.24
09/24/2015,1934.81
09/25/2015,1935.93
09/26/2015,1929.18
09/27/2015,1929.18
09/28/2015,1929.18
09/29/2015,1881.9
09/30/2015,1887.14
10/01/2015,1919.65
10/02/2015,1921.77
10/03/2015,1954.33
10/04/2015,1954.33
10/05/2015,1954.33
10/06/2015,1986.63
10/07/2015,1982.34
10/08/2015,1994.01
10/09/2015,2013.73
10/10/2015,2015.65
10/11/2015,2015.65
10/12/2015,2015.65
10/13/2015,2015.0
10/14/2015,2003.66
10/15/2015,1996.47
10/16/2015,2024.37
10/17/2015,2031.73
10/18/2015,2031.73
10/19/2015,2031.73
10/20/2015,2033.13
10/21/2015,2033.47
10/22/2015,2021.88
10/23/2015,2058.19
10/24/2015,2075.08
10/25/2015,2075.08
10/26/2015,2075.08
10/27/2015,2068.75
10/28/2015,2066.48
10/29/2015,2088.35
10/30/2015,2090.0
10/31/2015,2080.76
11/01/2015,2080.76
11/02/2015,2080.76
11/03/2015,2102.63
11/04/2015,2110.6
11/05/2015,2101.68
11/06/2015,2098.6
11/07/2015,2096.56
11/08/2015,2096.56
11/09/2015,2096.56
11/10/2015,2077.19
11/11/2015,2083.41
11/12/2015,2072.29
11/13/2015,2044.64
11/14/2015,2022.08
11/15/2015,2022.08
11/16/2015,2022.08
11/17/2015,2053.67
11/18/2015,2051.99
11/19/2015,2083.7
11/20/2015,2082.82
11/21/2015,2089.41
11/22/2015,2089.41
11/23/2015,2089.41
11/24/2015,2084.42
11/25/2015,2089.3
11/26/2015,2088.82
11/27/2015,2088.82
11/28/2015,2090.95
11/29/2015,2090.95
11/30/2015,2090.95
12/01/2015,2082.93
12/02/2015,2101.71
12/03/2015,2080.71
12/04/2015,2051.24
12/05/2015,2090.42
12/06/2015,2090.42
12/07/2015,2090.42
12/08/2015,2073.39
12/09/2015,2061.17
12/10/2015,2047.93
12/11/2015,2047.27
12/12/2015,2013.37
12/13/2015,2013.37
12/14/2015,2013.37
12/15/2015,2025.55
12/16/2015,2046.5
12/17/2015,2073.76
12/18/2015,2040.81
12/19/2015,2010.27
12/20/2015,2010.27
12/21/2015,2010.27
12/22/2015,2023.15
12/23/2015,2042.2
12/24/2015,2063.52
12/25/2015,2057.77
12/26/2015,2057.77
12/27/2015,2057.77
12/28/2015,2057.77
12/29/2015,2060.54
12/30/2015,2077.34
12/31/2015,2060.59
01/01/2016,2038.2
01/02/2016,2038.2
01/03/2016,2038.2
01/04/2016,2038.2
01/05/2016,2013.78
01/06/2016,2011.71
01/07/2016,1985.32
01/08/2016,1945.97
01/09/2016,1926.12
01/10/2016,1926.12
01/11/2016,1926.12
01/12/2016,1927.83
01/13/2016,1940.34
01/14/2016,1891.68
01/15/2016,1916.68
01/16/2016,1888.66
01/17/2016,1888.66
01/18/2016,1888.66
01/19/2016,1888.66
01/20/2016,1876.18
01/21/2016,1861.46
01/22/2016,1877.4
01/23/2016,1906.28
01/24/2016,1906.28
01/25/2016,1906.28
01/26/2016,1878.79
01/27/2016,1902.52
01/28/2016,1885.22
01/29/2016,1894.0
01/30/2016,1936.94
01/31/2016,1936.94
02/01/2016,1936.94
02/02/2016,1935.26
02/03/2016,1907.07
02/04/2016,1911.67
02/05/2016,1913.07
02/06/2016,1873.25
02/07/2016,1873.25
02/08/2016,1873.25
02/09/2016,1848.46
02/10/2016,1857.1
02/11/2016,1847.0
02/12/2016,1833.4
02/13/2016,1871.44
02/14/2016,1871.44
02/15/2016,1871.44
02/16/2016,1871.44
02/17/2016,1898.8
02/18/2016,1927.57
02/19/2016,1916.74
02/20/2016,1924.44
02/21/2016,1924.44
02/22/2016,1924.44
02/23/2016,1942.38
02/24/2016,1917.56
02/25/2016,1931.87
02/26/2016,1954.95
02/27/2016,1947.13
02/28/2016,1947.13
02/29/2016,1947.13
03/01/2016,1937.09
03/02/2016,1976.6
03/03/2016,1985.6
03/04/2016,1994.01
03/05/2016,1996.11
03/06/2016,1996.11
03/07/2016,1996.11
03/08/2016,1996.88
03/09/2016,1981.44
03/10/2016,1990.97
03/11/2016,1994.71
03/12/2016,2019.27
03/13/2016,2019.27
03/14/2016,2019.27
03/15/2016,2015.27
03/16/2016,2014.24
03/17/2016,2026.9
03/18/2016,2041.16
03/19/2016,2047.88
03/20/2016,2047.88
03/21/2016,2047.88
03/22/2016,2048.64
03/23/2016,2048.55
03/24/2016,2032.48
03/25/2016,2037.89
03/26/2016,2037.89
03/27/2016,2037.89
03/28/2016,2037.89
03/29/2016,2035.75
03/30/2016,2058.27
03/31/2016,2063.77
04/01/2016,2056.62
04/02/2016,2073.19
04/03/2016,2073.19
04/04/2016,2073.19
04/05/2016,2062.5
04/06/2016,2045.56
04/07/2016,2063.01
04/08/2016,2045.54
04/09/2016,2050.23
04/10/2016,2050.23
04/11/2016,2050.23
04/12/2016,2043.72
04/13/2016,2065.92
04/14/2016,2082.89
04/15/2016,2083.1
04/16/2016,2078.83
04/17/2016,2078.83
04/18/2016,2078.83
04/19/2016,2096.05
04/20/2016,2101.52
04/21/2016,2102.09
04/22/2016,2091.49
04/23/2016,2089.37
04/24/2016,2089.37
04/25/2016,2089.37
04/26/2016,2089.84
04/27/2016,2092.33
04/28/2016,2090.93
04/29/2016,2071.82
04/30/2016,2067.17
05/01/2016,2067.17
05/02/2016,2067.17
05/03/2016,2077.18
05/04/2016,2060.3
05/05/2016,2052.95
05/06/2016,2047.77
05/07/2016,2057.55
05/08/2016,2057.55
05/09/2016,2057.55
05/10/2016,2062.63
05/11/2016,2083.29
05/12/2016,2067.17
05/13/2016,2062.5
05/14/2016,2046.53
05/15/2016,2046.53
05/16/2016,2046.53
05/17/2016,2065.04
05/18/2016,2044.38
05/19/2016,2044.21
05/20/2016,2041.88
05/21/2016,2052.23
05/22/2016,2052.23
05/23/2016,2052.23
05/24/2016,2052.65
05/25/2016,2078.93
05/26/2016,2091.44
05/27/2016,2090.06
05/28/2016,2100.13
05/29/2016,2100.13
05/30/2016,2100.13
05/31/2016,2100.13
06/01/2016,2093.94
06/02/2016,2097.71
06/03/2016,2104.07
06/04/2016,2100.83
06/05/2016,2100.83
06/06/2016,2100.83
06/07/2016,2110.18
06/08/2016,2112.71
06/09/2016,2115.65
06/10/2016,2109.57
06/11/2016,2091.75
06/12/2016,2091.75
06/13/2016,2091.75
06/14/2016,2076.65
06/15/2016,2077.6
06/16/2016,2066.36
06/17/2016,2078.2
06/18/2016,2075.58
06/19/2016,2075.58
06/20/2016,2075.58
06/21/2016,2085.19
06/22/2016,2089.75
06/23/2016,2092.8
06/24/2016,2103.81
06/25/2016,2031.45
06/26/2016,2031.45
06/27/2016,2031.45
06/28/2016,2006.67
06/29/2016,2042.69
06/30/2016,2073.17
07/01/2016,2099.34
07/02/2016,2095.05
07/03/2016,2095.05
07/04/2016,2095.05
07/05/2016,2095.05
07/06/2016,2084.43
07/07/2016,2100.42
07/08/2016,2106.97
07/09/2016,2131.72
07/10/2016,2131.72
07/11/2016,2131.72
07/12/2016,2139.5
07/13/2016,2153.81
07/14/2016,2157.88
07/15/2016,2165.13
07/16/2016,2162.04
07/17/2016,2162.04
07/18/2016,2162.04
07/19/2016,2163.79
07/20/2016,2166.1
07/21/2016,2172.91
07/22/2016,2166.47
07/23/2016,2173.71
07/24/2016,2173.71
07/25/2016,2173.71
07/26/2016,2168.97
07/27/2016,2169.81
07/28/2016,2166.05
07/29/2016,2168.83
07/30/2016,2173.15
07/31/2016,2173.15
08/01/2016,2173.15
08/02/2016,2169.94
08/03/2016,2156.81
08/04/2016,2163.51
08/05/2016,2168.79
08/06/2016,2183.76
08/07/2016,2183.76
08/08/2016,2183.76
08/09/2016,2182.24
08/10/2016,2182.81
08/11/2016,2177.97
08/12/2016,2183.74
08/13/2016,2186.08
08/14/2016,2186.08
08/15/2016,2186.08
08/16/2016,2186.24
08/17/2016,2177.84
08/18/2016,2181.9
08/19/2016,2184.24
08/20/2016,2181.58
08/21/2016,2181.58
08/22/2016,2181.58
08/23/2016,2187.81
08/24/2016,2185.09
08/25/2016,2173.29
08/26/2016,2175.1
08/27/2016,2170.19
08/28/2016,2170.19
08/29/2016,2170.19
08/30/2016,2179.45
08/31/2016,2173.56
09/01/2016,2171.33
09/02/2016,2177.49
09/03/2016,2181.61
09/04/2016,2181.61
09/05/2016,2181.61
09/06/2016,2181.61
09/07/2016,2185.17
09/08/2016,2182.76
09/09/2016,2169.08
09/10/2016,2120.86
09/11/2016,2120.86
09/12/2016,2120.86
09/13/2016,2150.47
09/14/2016,2127.86
09/15/2016,2125.36
09/16/2016,2146.48
09/17/2016,2143.99
09/18/2016,2143.99
09/19/2016,2143.99
09/20/2016,2145.94
09/21/2016,2144.58
09/22/2016,2170.94
09/23/2016,2173.29
09/24/2016,2158.54
09/25/2016,2158.54
09/26/2016,2158.54
09/27/2016,2146.04
09/28/2016,2161.85
09/29/2016,2168.9
09/30/2016,2156.51
10/01/2016,2164.33
10/02/2016,2164.33
10/03/2016,2164.33
10/04/2016,2163.37
10/05/2016,2155.15
10/06/2016,2158.22
10/07/2016,2164.19
10/08/2016,2160.39
10/09/2016,2160.39
10/10/2016,2160.39
10/11/2016,2161.35
10/12/2016,2137.67
10/13/2016,2130.26
10/14/2016,2139.68
10/15/2016,2132.95
10/16/2016,2132.95
10/17/2016,2132.95
10/18/2016,2138.31
10/19/2016,2140.81
10/20/2016,2142.51
10/21/2016,2139.43
10/22/2016,2148.5
10/23/2016,2148.5
10/24/2016,2148.5
10/25/2016,2149.72
10/26/2016,2136.97
10/27/2016,2144.06
10/28/2016,2132.23
10/29/2016,2129.78
10/30/2016,2129.78
10/31/2016,2129.78
11/01/2016,2128.68
11/02/2016,2109.43
11/03/2016,2098.8
11/04/2016,2083.79
11/05/2016,2100.59
11/06/2016,2100.59
11/07/2016,2100.59
11/08/2016,2129.92
11/09/2016,2131.56
11/10/2016,2167.49
11/11/2016,2162.71
11/12/2016,2165.64
11/13/2016,2165.64
11/14/2016,2165.64
11/15/2016,2168.29
11/16/2016,2177.53
11/17/2016,2178.61
11/18/2016,2186.85
11/19/2016,2186.43
11/20/2016,2186.43
11/21/2016,2186.43
11/22/2016,2201.56
11/23/2016,2198.55
11/24/2016,2206.27
11/25/2016,2206.27
11/26/2016,2210.21
11/27/2016,2210.21
11/28/2016,2210.21
11/29/2016,2200.76
11/30/2016,2204.97
12/01/2016,2200.17
12/02/2016,2191.12
12/03/2016,2200.65
12/04/2016,2200.65
12/05/2016,2200.65
12/06/2016,2207.26
12/07/2016,2210.72
12/08/2016,2241.13
12/09/2016,2249.73
12/10/2016,2258.83
12/11/2016,2258.83
12/12/2016,2258.83
12/13/2016,2263.32
12/14/2016,2268.35
12/15/2016,2253.77
12/16/2016,2266.81
12/17/2016,2259.24
12/18/2016,2259.24
12/19/2016,2259.24
12/20/2016,2266.5
12/21/2016,2270.54
12/22/2016,2262.93
12/23/2016,2260.25
12/24/2016,2266.23
12/25/2016,2266.23
12/26/2016,2266.23
12/27/2016,2266.23
12/28/2016,2270.23
12/29/2016,2249.5
12/30/2016,2251.61
12/31/2016,2251.57
01/01/2017,2251.57
01/02/2017,2251.57
01/03/2017,2251.57
01/04/2017,2261.6
01/05/2017,2268.18
01/06/2017,2271.14
01/07/2017,2273.59
01/08/2017,2273.59
01/09/2017,2273.59
01/10/2017,2269.72
01/11/2017,2268.6
01/12/2017,2271.14
01/13/2017,2272.74
01/14/2017,2269.14
01/15/2017,2269.14
01/16/2017,2269.14
01/17/2017,2269.14
01/18/2017,2269.14
01/19/2017,2271.9
01/20/2017,2269.96
01/21/2017,2267.78
01/22/2017,2267.78
01/23/2017,2267.78
01/24/2017,2267.88
01/25/2017,2288.88
01/26/2017,2298.63
01/27/2017,2299.02
01/28/2017,2286.01
01/29/2017,2286.01
01/30/2017,2286.01
01/31/2017,2274.02
02/01/2017,2285.59
02/02/2017,2276.69
02/03/2017,2288.54
02/04/2017,2294.28
02/05/2017,2294.28
02/06/2017,2294.28
02/07/2017,2295.87
02/08/2017,2289.55
02/09/2017,2296.7
02/10/2017,2312.27
02/11/2017,2321.72
02/12/2017,2321.72
02/13/2017,2321.72
02/14/2017,2326.12
02/15/2017,2335.58
02/16/2017,2349.64
02/17/2017,2343.01
02/18/2017,2354.91
02/19/2017,2354.91
02/20/2017,2354.91
02/21/2017,2354.91
02/22/2017,2361.11
02/23/2017,2367.5
02/24/2017,2355.73
02/25/2017,2365.23
02/26/2017,2365.23
02/27/2017,2365.23
02/28/2017,2366.08
03/01/2017,2380.13
03/02/2017,2394.75
03/03/2017,2380.92
03/04/2017,2375.23
03/05/2017,2375.23
03/06/2017,2375.23
03/07/2017,2370.74
03/08/2017,2369.81
03/09/2017,2363.49
03/10/2017,2372.52
03/11/2017,2371.56
03/12/2017,2371.56
03/13/2017,2371.56
03/14/2017,2368.55
03/15/2017,2370.34
03/16/2017,2387.71
03/17/2017,2383.71
03/18/2017,2378.24
03/19/2017,2378.24
03/20/2017,2378.24
03/21/2017,2379.32
03/22/2017,2343.0
03/23/2017,2345.97
03/24/2017,2350.42
03/25/2017,2329.11
03/26/2017,2329.11
03/27/2017,2329.11
03/28/2017,2339.79
03/29/2017,2356.54
03/30/2017,2361.31
03/31/2017,2364.82
04/01/2017,2362.34
04/02/2017,2362.34
04/03/2017,2362.34
04/04/2017,2354.76
04/05/2017,2366.59
04/06/2017,2353.79
04/07/2017,2356.59
04/08/2017,2357.16
04/09/2017,2357.16
04/10/2017,2357.16
04/11/2017,2353.92
04/12/2017,2352.15
04/13/2017,2341.98
04/14/2017,2332.62
04/15/2017,2332.62
04/16/2017,2332.62
04/17/2017,2332.62
04/18/2017,2342.53
04/19/2017,2346.79
04/20/2017,2342.69
04/21/2017,2354.74
04/22/2017,2370.33
04/23/2017,2370.33
04/24/2017,2370.33
04/25/2017,2381.51
04/26/2017,2388.98
04/27/2017,2389.7
04/28/2017,2393.68
04/29/2017,2388.5
04/30/2017,2388.5
05/01/2017,2388.5
05/02/2017,2391.05
05/03/2017,2386.5
05/04/2017,2389.79
05/05/2017,2392.37
05/06/2017,2399.94
05/07/2017,2399.94
05/08/2017,2399.94
05/09/2017,2401.58
05/10/2017,2396.79
05/11/2017,2394.84
05/12/2017,2392.44
05/13/2017,2393.98
05/14/2017,2393.98
05/15/2017,2393.98
05/16/2017,2404.55
05/17/2017,2382.95
05/18/2017,2354.69
05/19/2017,2371.37
05/20/2017,2387.21
05/21/2017,2387.21
05/22/2017,2387.21
05/23/2017,2397.04
05/24/2017,2401.41
05/25/2017,2409.54
05/26/2017,2414.5
05/27/2017,2411.67
05/28/2017,2411.67
05/29/2017,2411.67
05/30/2017,2411.67
05/31/2017,2415.63
06/01/2017,2415.65
06/02/2017,2431.28
06/03/2017,2437.83
06/04/2017,2437.83
06/05/2017,2437.83
06/06/2017,2431.92
06/07/2017,2432.03
06/08/2017,2434.27
06/09/2017,2436.39
06/10/2017,2425.88
06/11/2017,2425.88
06/12/2017,2425.88
06/13/2017,2434.15
06/14/2017,2443.75
06/15/2017,2424.14
06/16/2017,2431.24
06/17/2017,2442.55
06/18/2017,2442.55
06/19/2017,2442.55
06/20/2017,2450.66
06/21/2017,2439.31
06/22/2017,2437.4
06/23/2017,2434.65
06/24/2017,2443.32
06/25/2017,2443.32
06/26/2017,2443.32
06/27/2017,2436.34
06/28/2017,2428.7
06/29/2017,2442.38
06/30/2017,2429.2
07/01/2017,2431.39
07/02/2017,2431.39
07/03/2017,2431.39
07/04/2017,2430.78
07/05/2017,2430.78
07/06/2017,2423.44
07/07/2017,2413.52
07/08/2017,2424.51
07/09/2017,2424.51
07/10/2017,2424.51
07/11/2017,2427.35
07/12/2017,2435.75
07/13/2017,2444.99
07/14/2017,2449.16
07/15/2017,2459.5
07/16/2017,2459.5
07/17/2017,2459.5
07/18/2017,2455.88
07/19/2017,2463.85
07/20/2017,2475.56
07/21/2017,2467.4
07/22/2017,2472.04
07/23/2017,2472.04
07/24/2017,2472.04
07/25/2017,2477.88
07/26/2017,2479.97
07/27/2017,2482.76
07/28/2017,2469.12
07/29/2017,2475.94
07/30/2017,2475.94
07/31/2017,2475.94
08/01/2017,2477.1
08/02/2017,2480.38
08/03/2017,2476.03
08/04/2017,2476.88
08/05/2017,2477.14
08/06/2017,2477.14
08/07/2017,2477.14
08/08/2017,2478.35
08/09/2017,2465.35
08/10/2017,2465.38
08/11/2017,2441.04
08/12/2017,2454.96
08/13/2017,2454.96
08/14/2017,2454.96
08/15/2017,2468.66
08/16/2017,2468.63
08/17/2017,2462.95
08/18/2017,2427.64
08/19/2017,2425.5
08/20/2017,2425.5
08/21/2017,2425.5
08/22/2017,2433.75
08/23/2017,2444.88
08/24/2017,2447.91
08/25/2017,2444.72
08/26/2017,2447.35
08/27/2017,2447.35
08/28/2017,2447.35
08/29/2017,2431.94
08/30/2017,2446.06
08/31/2017,2462.65
09/01/2017,2474.42
09/02/2017,2470.35
09/03/2017,2470.35
09/04/2017,2470.35
09/05/2017,2470.35
09/06/2017,2463.83
09/07/2017,2468.06
09/08/2017,2462.25
09/09/2017,2474.52
09/10/2017,2474.52
09/11/2017,2474.52
09/12/2017,2491.94
09/13/2017,2493.89
09/14/2017,2494.56
09/15/2017,2495.67
09/16/2017,2502.51
09/17/2017,2502.51
09/18/2017,2502.51
09/19/2017,2506.29
09/20/2017,2506.84
09/21/2017,2507.16
09/22/2017,2497.26
09/23/2017,2499.39
09/24/2017,2499.39
09/25/2017,2499.39
09/26/2017,2501.04
09/27/2017,2503.3
09/28/2017,2503.41
09/29/2017,2509.96
09/30/2017,2521.2
10/01/2017,2521.2
10/02/2017,2521.2
10/03/2017,2530.34
10/04/2017,2533.48
10/05/2017,2540.86
10/06/2017,2547.44
10/07/2017,2551.39
10/08/2017,2551.39
10/09/2017,2551.39
10/10/2017,2549.99
10/11/2017,2550.62
10/12/2017,2552.88
10/13/2017,2555.66
10/14/2017,2555.57
10/15/2017,2555.57
10/16/2017,2555.57
10/17/2017,2557.17
10/18/2017,2562.87
10/19/2017,2553.39
10/20/2017,2567.56
10/21/2017,2578.08
10/22/2017,2578.08
10/23/2017,2578.08
10/24/2017,2568.66
10/25/2017,2566.52
10/26/2017,2560.08
10/27/2017,2570.26
10/28/2017,2577.75
10/29/2017,2577.75
10/30/2017,2577.75
10/31/2017,2575.99
11/01/2017,2583.21
11/02/2017,2579.46
11/03/2017,2581.93
11/04/2017,2587.47
11/05/2017,2587.47
11/06/2017,2587.47
11/07/2017,2592.11
11/08/2017,2588.71
11/09/2017,2584.0
11/10/2017,2580.18
11/11/2017,2576.53
11/12/2017,2576.53
11/13/2017,2576.53
11/14/2017,2577.75
11/15/2017,2569.45
11/16/2017,2572.95
11/17/2017,2582.94
11/18/2017,2579.49
11/19/2017,2579.49
11/20/2017,2579.49
11/21/2017,2589.17
11/22/2017,2600.31
11/23/2017,2600.42
11/24/2017,2600.42
11/25/2017,2602.66
11/26/2017,2602.66
11/27/2017,2602.66
11/28/2017,2605.94
11/29/2017,2627.82
11/30/2017,2633.93
12/01/2017,2645.1
12/02/2017,2657.19
12/03/2017,2657.19
12/04/2017,2657.19
12/05/2017,2639.78
12/06/2017,2626.24
12/07/2017,2628.38
12/08/2017,2646.21
12/09/2017,2652.19
12/10/2017,2652.19
12/11/2017,2652.19
12/12/2017,2661.73
12/13/2017,2667.59
12/14/2017,2665.87
12/15/2017,2660.63
12/16/2017,2685.92
12/17/2017,2685.92
12/18/2017,2685.92
12/19/2017,2692.71
12/20/2017,2688.18
12/21/2017,2683.02
12/22/2017,2684.22
12/23/2017,2679.09
12/24/2017,2679.09
12/25/2017,2679.09
12/26/2017,2679.09
12/27/2017,2682.1
12/28/2017,2686.1
12/29/2017,2689.15
12/30/2017,2683.73
12/31/2017,2683.73
01/01/2018,2683.73
01/02/2018,2683.73
01/03/2018,2697.85
01/04/2018,2719.31
01/05/2018,2731.33
01/06/2018,2742.67
01/07/2018,2742.67
01/08/2018,2742.67
01/09/2018,2751.15
01/10/2018,2745.55
01/11/2018,2752.97
01/12/2018,2770.18
01/13/2018,2798.96
01/14/2018,2798.96
01/15/2018,2798.96
01/16/2018,2798.96
01/17/2018,2784.99
01/18/2018,2802.4
01/19/2018,2802.6
01/20/2018,2809.16
01/21/2018,2809.16
01/22/2018,2809.16
01/23/2018,2835.05
01/24/2018,2845.42
01/25/2018,2846.24
01/26/2018,2847.48
01/27/2018,2867.23
01/28/2018,2867.23
01/29/2018,2867.23
01/30/2018,2832.74
01/31/2018,2832.41
02/01/2018,2816.45
02/02/2018,2808.92
02/03/2018,2741.06
02/04/2018,2741.06
02/05/2018,2741.06
02/06/2018,2614.78
02/07/2018,2690.95
02/08/2018,2685.01
02/09/2018,2601.78
02/10/2018,2636.75
02/11/2018,2636.75
02/12/2018,2636.75
02/13/2018,2646.27
02/14/2018,2651.21
02/15/2018,2713.46
02/16/2018,2727.14
02/17/2018,2726.01
02/18/2018,2726.01
02/19/2018,2726.01
02/20/2018,2726.01
02/21/2018,2720.53
02/22/2018,2710.42
02/23/2018,2715.8
02/24/2018,2757.37
02/25/2018,2757.37
02/26/2018,2757.37
02/27/2018,2780.45
02/28/2018,2753.78
03/01/2018,2715.22
03/02/2018,2658.89
03/03/2018,2681.06
03/04/2018,2681.06
03/05/2018,2681.06
03/06/2018,2730.18
03/07/2018,2710.18
03/08/2018,2732.75
03/09/2018,2752.91
03/10/2018,2790.54
03/11/2018,2790.54
03/12/2018,2790.54
03/13/2018,2792.31
03/14/2018,2774.06
03/15/2018,2754.27
03/16/2018,2750.57
03/17/2018,2741.38
03/18/2018,2741.38
03/19/2018,2741.38
03/20/2018,2715.05
03/21/2018,2714.99
03/22/2018,2691.36
03/23/2018,2646.71
03/24/2018,2619.35
03/25/2018,2619.35
03/26/2018,2619.35
03/27/2018,2667.57
03/28/2018,2611.3
03/29/2018,2614.41
03/30/2018,2633.45
03/31/2018,2633.45
04/01/2018,2633.45
04/02/2018,2633.45
04/03/2018,2592.17
04/04/2018,2584.04
04/05/2018,2657.36
04/06/2018,2645.82
04/07/2018,2617.18
04/08/2018,2617.18
04/09/2018,2617.18
04/10/2018,2638.41
04/11/2018,2643.89
04/12/2018,2653.83
04/13/2018,2676.9
04/14/2018,2670.1
04/15/2018,2670.1
04/16/2018,2670.1
04/17/2018,2692.74
04/18/2018,2710.11
04/19/2018,2701.16
04/20/2018,2692.56
04/21/2018,2675.4
04/22/2018,2675.4
04/23/2018,2675.4
04/24/2018,2680.8
04/25/2018,2634.92
04/26/2018,2651.65
04/27/2018,2675.47
04/28/2018,2675.05
04/29/2018,2675.05
04/30/2018,2675.05
05/01/2018,2643.64
05/02/2018,2654.24
05/03/2018,2628.08
05/04/2018,2621.45
05/05/2018,2669.36
05/06/2018,2669.36
05/07/2018,2669.36
05/08/2018,2670.26
05/09/2018,2678.12
05/10/2018,2705.02
05/11/2018,2722.7
05/12/2018,2733.37
05/13/2018,2733.37
05/14/2018,2733.37
05/15/2018,2718.59
05/16/2018,2712.62
05/17/2018,2719.71
05/18/2018,2717.35
05/19/2018,2725.95
05/20/2018,2725.95
05/21/2018,2725.95
05/22/2018,2738.34
05/23/2018,2713.98
05/24/2018,2730.94
05/25/2018,2723.6
05/26/2018,2705.11
05/27/2018,2705.11
05/28/2018,2705.11
05/29/2018,2705.11
05/30/2018,2702.43
05/31/2018,2720.98
06/01/2018,2718.7
06/02/2018,2741.67
06/03/2018,2741.67
06/04/2018,2741.67
06/05/2018,2748.46
06/06/2018,2753.25
06/07/2018,2774.84
06/08/2018,2765.84
06/09/2018,2780.18
06/10/2018,2780.18
06/11/2018,2780.18
06/12/2018,2785.6
06/13/2018,2787.94
06/14/2018,2783.21
06/15/2018,2777.78
06/16/2018,2765.79
06/17/2018,2765.79
06/18/2018,2765.79
06/19/2018,2752.01
06/20/2018,2769.73
06/21/2018,2769.28
06/22/2018,2760.79
06/23/2018,2742.94
06/24/2018,2742.94
06/25/2018,2742.94
06/26/2018,2722.12
06/27/2018,2728.45
06/28/2018,2698.69
06/29/2018,2727.13
06/30/2018,2704.95
07/01/2018,2704.95
07/02/2018,2704.95
07/03/2018,2733.27
07/04/2018,2724.19
07/05/2018,2724.19
07/06/2018,2737.68
07/07/2018,2768.51
07/08/2018,2768.51
07/09/2018,2768.51
07/10/2018,2788.56
07/11/2018,2779.82
07/12/2018,2783.14
07/13/2018,2796.93
07/14/2018,2801.43
07/15/2018,2801.43
07/16/2018,2801.43
07/17/2018,2789.34
07/18/2018,2811.35
07/19/2018,2809.37
07/20/2018,2804.55
07/21/2018,2799.17
07/22/2018,2799.17
07/23/2018,2799.17
07/24/2018,2820.68
07/25/2018,2817.73
07/26/2018,2835.49
07/27/2018,2842.35
07/28/2018,2819.0
07/29/2018,2819.0
07/30/2018,2819.0
07/31/2018,2809.73
08/01/2018,2821.17
08/02/2018,2800.48
08/03/2018,2829.62
08/04/2018,2840.29
08/05/2018,2840.29
08/06/2018,2840.29
08/07/2018,2855.92
08/08/2018,2856.79
08/09/2018,2857.19
08/10/2018,2839.64
08/11/2018,2835.46
08/12/2018,2835.46
08/13/2018,2835.46
08/14/2018,2827.88
08/15/2018,2827.95
08/16/2018,2831.44
08/17/2018,2838.32
08/18/2018,2853.93
08/19/2018,2853.93
08/20/2018,2853.93
08/21/2018,2861.51
08/22/2018,2860.99
08/23/2018,2860.29
08/24/2018,2862.35
08/25/2018,2884.69
08/26/2018,2884.69
08/27/2018,2884.69
08/28/2018,2901.45
08/29/2018,2900.62
08/30/2018,2908.94
08/31/2018,2898.37
09/01/2018,2896.96
09/02/2018,2896.96
09/03/2018,2896.96
09/04/2018,2896.96
09/05/2018,2891.59
09/06/2018,2888.64
09/07/2018,2868.26
09/08/2018,2881.39
09/09/2018,2881.39
09/10/2018,2881.39
09/11/2018,2871.57
09/12/2018,2888.29
09/13/2018,2896.85
09/14/2018,2906.38
09/15/2018,2903.83
09/16/2018,2903.83
09/17/2018,2903.83
09/18/2018,2890.74
09/19/2018,2906.6
09/20/2018,2919.73
09/21/2018,2936.76
09/22/2018,2921.83
09/23/2018,2921.83
09/24/2018,2921.83
09/25/2018,2921.75
09/26/2018,2916.98
09/27/2018,2911.65
09/28/2018,2910.03
09/29/2018,2926.29
09/30/2018,2926.29
10/01/2018,2926.29
10/02/2018,2923.8
10/03/2018,2931.69
10/04/2018,2919.35
10/05/2018,2902.54
10/06/2018,2877.53
10/07/2018,2877.53
10/08/2018,2877.53
10/09/2018,2882.51
10/10/2018,2873.9
10/11/2018,2776.87
10/12/2018,2770.54
10/13/2018,2763.83
10/14/2018,2763.83
10/15/2018,2763.83
10/16/2018,2767.05
10/17/2018,2811.67
10/18/2018,2802.0
10/19/2018,2775.66
10/20/2018,2773.94
10/21/2018,2773.94
10/22/2018,2773.94
10/23/2018,2721.03
10/24/2018,2737.87
10/25/2018,2674.88
10/26/2018,2667.86
10/27/2018,2682.65
10/28/2018,2682.65
10/29/2018,2682.65
10/30/2018,2640.68
10/31/2018,2705.6
11/01/2018,2717.58
11/02/2018,2745.45
11/03/2018,2726.37
11/04/2018,2726.37
11/05/2018,2726.37
11/06/2018,2738.4
11/07/2018,2774.13
11/08/2018,2806.38
11/09/2018,2794.1
11/10/2018,2773.93
11/11/2018,2773.93
11/12/2018,2773.93
11/13/2018,2730.05
11/14/2018,2737.9
11/15/2018,2693.52
11/16/2018,2718.54
11/17/2018,2730.74
11/18/2018,2730.74
11/19/2018,2730.74
11/20/2018,2654.6
11/21/2018,2657.74
11/22/2018,2633.36
11/23/2018,2633.36
11/24/2018,2649.97
11/25/2018,2649.97
11/26/2018,2649.97
11/27/2018,2663.75
11/28/2018,2691.45
11/29/2018,2736.97
11/30/2018,2737.76
12/01/2018,2790.5
12/02/2018,2790.5
12/03/2018,2790.5
12/04/2018,2782.43
12/05/2018,2663.51
12/06/2018,2663.51
12/07/2018,2691.26
12/08/2018,2630.86
12/09/2018,2630.86
12/10/2018,2630.86
12/11/2018,2664.44
12/12/2018,2658.23
12/13/2018,2658.7
12/14/2018,2629.68
12/15/2018,2590.75
12/16/2018,2590.75
12/17/2018,2590.75
12/18/2018,2559.9
12/19/2018,2547.05
12/20/2018,2496.77
12/21/2018,2465.38
12/22/2018,2400.56
12/23/2018,2400.56
12/24/2018,2400.56
12/25/2018,2363.12
12/26/2018,2363.12
12/27/2018,2442.5
12/28/2018,2498.77
12/29/2018,2498.94
12/30/2018,2498.94
12/31/2018,2498.94
01/01/2019,2476.96
01/02/2019,2476.96
01/03/2019,2491.92
01/04/2019,2474.33
01/05/2019,2535.61
01/06/2019,2535.61
01/07/2019,2535.61
01/08/2019,2568.11
01/09/2019,2580.0
01/10/2019,2573.51
01/11/2019,2588.11
01/12/2019,2580.31
01/13/2019,2580.31
01/14/2019,2580.31
01/15/2019,2585.1
01/16/2019,2614.75
01/17/2019,2609.28
01/18/2019,2651.27
01/19/2019,2657.88
01/20/2019,2657.88
01/21/2019,2657.88
01/22/2019,2657.88
01/23/2019,2643.48
01/24/2019,2638.84
01/25/2019,2657.44
01/26/2019,2644.97
01/27/2019,2644.97
01/28/2019,2644.97
01/29/2019,2644.89
01/30/2019,2653.62
01/31/2019,2685.49
02/01/2019,2702.32
02/02/2019,2706.49
02/03/2019,2706.49
02/04/2019,2706.49
02/05/2019,2728.34
02/06/2019,2735.05
02/07/2019,2717.53
02/08/2019,2692.36
02/09/2019,2712.4
02/10/2019,2712.4
02/11/2019,2712.4
02/12/2019,2722.61
02/13/2019,2750.3
02/14/2019,2743.5
02/15/2019,2760.24
02/16/2019,2769.28
02/17/2019,2769.28
02/18/2019,2769.28
02/19/2019,2769.28
02/20/2019,2779.05
02/21/2019,2780.24
02/22/2019,2780.67
02/23/2019,2804.35
02/24/2019,2804.35
02/25/2019,2804.35
02/26/2019,2792.36
02/27/2019,2787.5
02/28/2019,2788.11
03/01/2019,2798.22
03/02/2019,2814.37
03/03/2019,2814.37
03/04/2019,2814.37
03/05/2019,2794.41
03/06/2019,2790.27
03/07/2019,2766.53
03/08/2019,2730.79
03/09/2019,2747.61
03/10/2019,2747.61
03/11/2019,2747.61
03/12/2019,2787.34
03/13/2019,2799.78
03/14/2019,2810.38
03/15/2019,2810.79
03/16/2019,2822.61
03/17/2019,2822.61
03/18/2019,2822.61
03/19/2019,2840.76
03/20/2019,2831.34
03/21/2019,2819.72
03/22/2019,2844.52
03/23/2019,2796.01
03/24/2019,2796.01
03/25/2019,2796.01
03/26/2019,2812.66
03/27/2019,2819.72
03/28/2019,2809.4
03/29/2019,2828.27
03/30/2019,2848.63
03/31/2019,2848.63
04/01/2019,2848.63
04/02/2019,2868.24
04/03/2019,2876.09
04/04/2019,2873.99
04/05/2019,2884.16
04/06/2019,2888.46
04/07/2019,2888.46
04/08/2019,2888.46
04/09/2019,2886.58
04/10/2019,2881.37
04/11/2019,2891.92
04/12/2019,2900.86
04/13/2019,2908.32
04/14/2019,2908.32
04/15/2019,2908.32
04/16/2019,2912.26
04/17/2019,2916.04
04/18/2019,2904.81
04/19/2019,2898.78
04/20/2019,2898.78
04/21/2019,2898.78
04/22/2019,2898.78
04/23/2019,2909.99
04/24/2019,2934.0
04/25/2019,2928.99
04/26/2019,2925.81
04/27/2019,2940.58
04/28/2019,2940.58
04/29/2019,2940.58
04/30/2019,2937.14
05/01/2019,2952.33
05/02/2019,2922.16
05/03/2019,2929.21
05/04/2019,2908.89
05/05/2019,2908.89
05/06/2019,2908.89
05/07/2019,2913.03
05/08/2019,2879.61
05/09/2019,2859.84
05/10/2019,2863.1
05/11/2019,2840.19
05/12/2019,2840.19
05/13/2019,2840.19
05/14/2019,2820.12
05/15/2019,2820.38
05/16/2019,2855.8
05/17/2019,2858.6
05/18/2019,2841.94
05/19/2019,2841.94
05/20/2019,2841.94
05/21/2019,2854.02
05/22/2019,2856.06
05/23/2019,2836.7
05/24/2019,2832.41
05/25/2019,2830.03
05/26/2019,2830.03
05/27/2019,2830.03
05/28/2019,2830.03
05/29/2019,2790.25
05/30/2019,2786.94
05/31/2019,2766.15
06/01/2019,2751.53
06/02/2019,2751.53
06/03/2019,2751.53
06/04/2019,2762.64
06/05/2019,2818.09
06/06/2019,2828.51
06/07/2019,2852.87
06/08/2019,2885.83
06/09/2019,2885.83
06/10/2019,2885.83
06/11/2019,2903.27
06/12/2019,2882.73
06/13/2019,2886.24
06/14/2019,2886.82
06/15/2019,2889.75
06/16/2019,2889.75
06/17/2019,2889.75
06/18/2019,2906.71
06/19/2019,2920.55
06/20/2019,2949.6
06/21/2019,2952.71
06/22/2019,2951.42
06/23/2019,2951.42
06/24/2019,2951.42
06/25/2019,2945.78
06/26/2019,2926.07
06/27/2019,2919.66
06/28/2019,2932.94
06/29/2019,2971.41
06/30/2019,2971.41
07/01/2019,2971.41
07/02/2019,2964.66
07/03/2019,2978.08
07/04/2019,2984.25
07/05/2019,2984.25
07/06/2019,2979.77
07/07/2019,2979.77
07/08/2019,2979.77
07/09/2019,2965.52
07/10/2019,2989.3
07/11/2019,2999.62
07/12/2019,3003.36
07/13/2019,3017.8
07/14/2019,3017.8
07/15/2019,3017.8
07/16/2019,3012.13
07/17/2019,3005.1
07/18/2019,2978.87
07/19/2019,3004.26
07/20/2019,2981.93
07/21/2019,2981.93
07/22/2019,2981.93
07/23/2019,2994.74
07/24/2019,2998.77
07/25/2019,3016.26
07/26/2019,3013.25
07/27/2019,3024.47
07/28/2019,3024.47
07/29/2019,3024.47
07/30/2019,3007.66
07/31/2019,3016.22
08/01/2019,2980.32
08/02/2019,2943.9
08/03/2019,2898.07
08/04/2019,2898.07
08/05/2019,2898.07
08/06/2019,2861.18
08/07/2019,2858.65
08/08/2019,2896.21
08/09/2019,2930.51
08/10/2019,2907.07
08/11/2019,2907.07
08/12/2019,2907.07
08/13/2019,2880.72
08/14/2019,2894.15
08/15/2019,2846.2
08/16/2019,2864.74
08/17/2019,2913.48
08/18/2019,2913.48
08/19/2019,2913.48
08/20/2019,2919.01
08/21/2019,2922.04
08/22/2019,2930.94
08/23/2019,2911.07
08/24/2019,2866.7
08/25/2019,2866.7
08/26/2019,2866.7
08/27/2019,2893.14
08/28/2019,2861.28
08/29/2019,2910.37
08/30/2019,2937.09
08/31/2019,2909.01
09/01/2019,2909.01
09/02/2019,2909.01
09/03/2019,2909.01
09/04/2019,2924.67
09/05/2019,2960.6
09/06/2019,2980.33
09/07/2019,2988.43
09/08/2019,2988.43
09/09/2019,2988.43
09/10/2019,2971.01
09/11/2019,2981.41
09/12/2019,3009.08
09/13/2019,3012.21
09/14/2019,2996.41
09/15/2019,2996.41
09/16/2019,2996.41
09/17/2019,2995.67
09/18/2019,3001.5
09/19/2019,3010.36
09/20/2019,3008.42
09/21/2019,2983.5
09/22/2019,2983.5
09/23/2019,2983.5
09/24/2019,3002.43
09/25/2019,2968.35
09/26/2019,2985.73
09/27/2019,2985.47
09/28/2019,2967.07
09/29/2019,2967.07
09/30/2019,2967.07
10/01/2019,2983.69
10/02/2019,2924.78
10/03/2019,2885.38
10/04/2019,2918.56
10/05/2019,2944.23
10/06/2019,2944.23
10/07/2019,2944.23
10/08/2019,2920.4
10/09/2019,2911.1
10/10/2019,2918.55
10/11/2019,2963.07
10/12/2019,2965.81
10/13/2019,2965.81
10/14/2019,2965.81
10/15/2019,2973.61
10/16/2019,2989.68
10/17/2019,3000.77
10/18/2019,2996.84
10/19/2019,2996.48
10/20/2019,2996.48
10/21/2019,2996.48
10/22/2019,3010.73
10/23/2019,2994.01
10/24/2019,3014.78
10/25/2019,3003.32
10/26/2019,3032.12
10/27/2019,3032.12
10/28/2019,3032.12
10/29/2019,3035.39
10/30/2019,3039.74
10/31/2019,3046.9
11/01/2019,3050.72
11/02/2019,3078.96
11/03/2019,3078.96
11/04/2019,3078.96
11/05/2019,3080.8
11/06/2019,3075.1
11/07/2019,3087.02
11/08/2019,3081.25
11/09/2019,3080.33
11/10/2019,3080.33
11/11/2019,3080.33
11/12/2019,3089.28
11/13/2019,3084.18
11/14/2019,3090.75
11/15/2019,3107.92
11/16/2019,3117.91
11/17/2019,3117.91
11/18/2019,3117.91
11/19/2019,3127.45
11/20/2019,3114.66
11/21/2019,3108.49
11/22/2019,3111.41
11/23/2019,3117.44
11/24/2019,3117.44
11/25/2019,3117.44
11/26/2019,3134.85
11/27/2019,3145.49
11/28/2019,3147.18
11/29/2019,3147.18
11/30/2019,3143.85
12/01/2019,3143.85
12/02/2019,3143.85
12/03/2019,3087.41
12/04/2019,3103.5
12/05/2019,3119.21
12/06/2019,3134.62
12/07/2019,3141.86
12/08/2019,3141.86
12/09/2019,3141.86
12/10/2019,3135.36
12/11/2019,3135.75
12/12/2019,3141.23
12/13/2019,3166.65
12/14/2019,3183.63
12/15/2019,3183.63
12/16/2019,3183.63
12/17/2019,3195.4
12/18/2019,3195.21
12/19/2019,3192.32
12/20/2019,3223.33
12/21/2019,3226.05
12/22/2019,3226.05
12/23/2019,3226.05
12/24/2019,3225.45
12/25/2019,3227.2
12/26/2019,3227.2
12/27/2019,3247.23
12/28/2019,3240.09
12/29/2019,3240.09
12/30/2019,3240.09
12/31/2019,3215.18
01/01/2020,3244.67
01/02/2020,3244.67
01/03/2020,3226.36
01/04/2020,3217.55
01/05/2020,3217.55
01/06/2020,3217.55
01/07/2020,3241.86
01/08/2020,3238.59
01/09/2020,3266.03
01/10/2020,3281.81
01/11/2020,3271.13
01/12/2020,3271.13
01/13/2020,3271.13
01/14/2020,3285.35
01/15/2020,3282.27
01/16/2020,3302.97
01/17/2020,3323.66
01/18/2020,3321.03
01/19/2020,3321.03
01/20/2020,3321.03
01/21/2020,3321.03
01/22/2020,3330.02
01/23/2020,3315.77
01/24/2020,3333.1
01/25/2020,3247.16
01/26/2020,3247.16
01/27/2020,3247.16
01/28/2020,3255.35
01/29/2020,3289.46
01/30/2020,3256.45
01/31/2020,3282.33
02/01/2020,3235.66
02/02/2020,3235.66
02/03/2020,3235.66
02/04/2020,3280.61
02/05/2020,3324.91
02/06/2020,3344.92
02/07/2020,3335.54
02/08/2020,3318.28
02/09/2020,3318.28
02/10/2020,3318.28
02/11/2020,3365.87
02/12/2020,3370.5
02/13/2020,3365.9
02/14/2020,3378.08
02/15/2020,3369.04
02/16/2020,3369.04
02/17/2020,3369.04
02/18/2020,3369.04
02/19/2020,3380.39
02/20/2020,3380.45
02/21/2020,3360.5
02/22/2020,3257.61
02/23/2020,3257.61
02/24/2020,3257.61
02/25/2020,3238.94
02/26/2020,3139.9
02/27/2020,3062.54
02/28/2020,2916.9
02/29/2020,2974.28
03/01/2020,2974.28
03/02/2020,2974.28
03/03/2020,3096.46
03/04/2020,3045.75
03/05/2020,3075.7
03/06/2020,2954.2
03/07/2020,2863.89
03/08/2020,2863.89
03/09/2020,2863.89
03/10/2020,2813.48
03/11/2020,2825.6
03/12/2020,2630.86
03/13/2020,2569.99
03/14/2020,2508.59
03/15/2020,2508.59
03/16/2020,2508.59
03/17/2020,2425.66
03/18/2020,2436.5
03/19/2020,2393.48
03/20/2020,2431.94
03/21/2020,2290.71
03/22/2020,2290.71
03/23/2020,2290.71
03/24/2020,2344.44
03/25/2020,2457.77
03/26/2020,2501.29
03/27/2020,2555.87
03/28/2020,2558.98
03/29/2020,2558.98
03/30/2020,2558.98
03/31/2020,2614.69
04/01/2020,2498.08
04/02/2020,2458.54
04/03/2020,2514.92
04/04/2020,2578.28
04/05/2020,2578.28
04/06/2020,2578.28
04/07/2020,2738.65
04/08/2020,2685.0
04/09/2020,2776.99
04/10/2020,2782.46
04/11/2020,2782.46
04/12/2020,2782.46
04/13/2020,2782.46
04/14/2020,2805.1
04/15/2020,2795.64
04/16/2020,2799.34
04/17/2020,2842.43
04/18/2020,2845.62
04/19/2020,2845.62
04/20/2020,2845.62
04/21/2020,2784.81
04/22/2020,2787.89
04/23/2020,2810.42
04/24/2020,2812.64
04/25/2020,2854.65
04/26/2020,2854.65
04/27/2020,2854.65
04/28/2020,2909.96
04/29/2020,2918.46
04/30/2020,2930.91
05/01/2020,2869.09
05/02/2020,2815.01
05/03/2020,2815.01
05/04/2020,2815.01
05/05/2020,2868.88
05/06/2020,2883.14
05/07/2020,2878.26
05/08/2020,2908.83
05/09/2020,2915.46
05/10/2020,2915.46
05/11/2020,2915.46
05/12/2020,2939.5
05/13/2020,2865.86
05/14/2020,2794.54
05/15/2020,2829.95
05/16/2020,2913.86
05/17/2020,2913.86
05/18/2020,2913.86
05/19/2020,2948.59
05/20/2020,2953.63
05/21/2020,2969.95
05/22/2020,2948.05
05/23/2020,3004.08
05/24/2020,3004.08
05/25/2020,3004.08
05/26/2020,3004.08
05/27/2020,3015.65
05/28/2020,3046.61
05/29/2020,3025.17
05/30/2020,3038.78
05/31/2020,3038.78
06/01/2020,3038.78
06/02/2020,3064.78
06/03/2020,3098.9
06/04/2020,3111.56
06/05/2020,3163.84
06/06/2020,3199.92
06/07/2020,3199.92
06/08/2020,3199.92
06/09/2020,3213.32
06/10/2020,3213.42
06/11/2020,3123.53
06/12/2020,3071.04
06/13/2020,2993.76
06/14/2020,2993.76
06/15/2020,2993.76
06/16/2020,3131.0
06/17/2020,3136.13
06/18/2020,3101.64
06/19/2020,3140.29
06/20/2020,3094.42
06/21/2020,3094.42
06/22/2020,3094.42
06/23/2020,3138.7
06/24/2020,3114.4
06/25/2020,3046.6
06/26/2020,3073.2
06/27/2020,3018.59
06/28/2020,3018.59
06/29/2020,3018.59
06/30/2020,3050.2
07/01/2020,3105.92
07/02/2020,3143.64
07/03/2020,3155.29
07/04/2020,3155.29
07/05/2020,3155.29
07/06/2020,3155.29
07/07/2020,3166.44
07/08/2020,3153.07
07/09/2020,3176.17
07/10/2020,3152.47
07/11/2020,3205.08
07/12/2020,3205.08
07/13/2020,3205.08
07/14/2020,3141.11
07/15/2020,3225.98
07/16/2020,3208.36
07/17/2020,3224.21
07/18/2020,3224.29
07/19/2020,3224.29
07/20/2020,3224.29
07/21/2020,3268.52
07/22/2020,3254.86
07/23/2020,3271.64
07/24/2020,3218.58
07/25/2020,3219.84
07/26/2020,3219.84
07/27/2020,3219.84
07/28/2020,3234.27
07/29/2020,3227.22
07/30/2020,3231.76
07/31/2020,3270.45
08/01/2020,3288.26
08/02/2020,3288.26
08/03/2020,3288.26
08/04/2020,3289.92
08/05/2020,3317.37
08/06/2020,3323.17
08/07/2020,3340.05
08/08/2020,3356.04
08/09/2020,3356.04
08/10/2020,3356.04
08/11/2020,3370.34
08/12/2020,3355.46
08/13/2020,3372.95
08/14/2020,3368.66
08/15/2020,3380.86
08/16/2020,3380.86
08/17/2020,3380.86
08/18/2020,3387.04
08/19/2020,3392.51
08/20/2020,3360.48
08/21/2020,3386.01
08/22/2020,3418.09
08/23/2020,3418.09
08/24/2020,3418.09
08/25/2020,3435.95
08/26/2020,3449.97
08/27/2020,3485.14
08/28/2020,3494.69
08/29/2020,3509.73
08/30/2020,3509.73
08/31/2020,3509.73
09/01/2020,3507.44
09/02/2020,3543.76
09/03/2020,3564.74
09/04/2020,3453.6
09/05/2020,3371.88
09/06/2020,3371.88
09/07/2020,3371.88
09/08/2020,3371.88
09/09/2020,3369.82
09/10/2020,3412.56
09/11/2020,3352.7
09/12/2020,3363.56
09/13/2020,3363.56
09/14/2020,3363.56
09/15/2020,3407.73
09/16/2020,3411.23
09/17/2020,3346.86
09/18/2020,3357.38
09/19/2020,3285.57
09/20/2020,3285.57
09/21/2020,3285.57
09/22/2020,3295.75
09/23/2020,3320.11
09/24/2020,3226.14
09/25/2020,3236.66
09/26/2020,3333.9
09/27/2020,3333.9
09/28/2020,3333.9
09/29/2020,3350.92
09/30/2020,3341.21
10/01/2020,3385.87
10/02/2020,3338.94
10/03/2020,3367.27
10/04/2020,3367.27
10/05/2020,3367.27
10/06/2020,3408.74
10/07/2020,3384.56
10/08/2020,3434.28
10/09/2020,3459.67
10/10/2020,3500.02
10/11/2020,3500.02
10/12/2020,3500.02
10/13/2020,3534.01
10/14/2020,3515.47
10/15/2020,3453.72
10/16/2020,3493.5
10/17/2020,3493.66
10/18/2020,3493.66
10/19/2020,3493.66
10/20/2020,3439.38
10/21/2020,3439.91
10/22/2020,3438.5
10/23/2020,3464.9
10/24/2020,3441.42
10/25/2020,3441.42
10/26/2020,3441.42
10/27/2020,3403.15
10/28/2020,3342.48
10/29/2020,3277.17
10/30/2020,3293.59
10/31/2020,3296.2
11/01/2020,3296.2
11/02/2020,3296.2
11/03/2020,3336.25
11/04/2020,3406.46
11/05/2020,3485.74
11/06/2020,3508.34
11/07/2020,3583.04
11/08/2020,3583.04
11/09/2020,3583.04
11/10/2020,3543.26
11/11/2020,3563.22
11/12/2020,3562.67
11/13/2020,3552.57
11/14/2020,3600.16
11/15/2020,3600.16
11/16/2020,3600.16
11/17/2020,3610.31
11/18/2020,3612.09
11/19/2020,3559.41
11/20/2020,3579.31
11/21/2020,3566.82
11/22/2020,3566.82
11/23/2020,3566.82
11/24/2020,3594.52
11/25/2020,3635.5
11/26/2020,3638.55
11/27/2020,3638.55
11/28/2020,3634.18
11/29/2020,3634.18
11/30/2020,3634.18
12/01/2020,3645.87
12/02/2020,3653.78
12/03/2020,3668.28
12/04/2020,3670.94
12/05/2020,3694.73
12/06/2020,3694.73
12/07/2020,3694.73
12/08/2020,3683.05
12/09/2020,3705.98
12/10/2020,3659.13
12/11/2020,3656.08
12/12/2020,3675.27
12/13/2020,3675.27
12/14/2020,3675.27
12/15/2020,3666.41
12/16/2020,3696.25
12/17/2020,3713.65
12/18/2020,3722.39
12/19/2020,3684.28
12/20/2020,3684.28
12/21/2020,3684.28
12/22/2020,3698.08
12/23/2020,3693.42
12/24/2020,3694.03
12/25/2020,3723.03
12/26/2020,3723.03
12/27/2020,3723.03
12/28/2020,3723.03
12/29/2020,3750.01
12/30/2020,3736.19
12/31/2020,3733.27
01/01/2021,3764.61
01/02/2021,3764.61
01/03/2021,3764.61
01/04/2021,3764.61
01/05/2021,3698.02
01/06/2021,3712.2
01/07/2021,3764.71
01/08/2021,3815.05
01/09/2021,3803.14
01/10/2021,3803.14
01/11/2021,3803.14
01/12/2021,3801.62
01/13/2021,3802.23
01/14/2021,3814.98
01/15/2021,3788.73
01/16/2021,3781.88
01/17/2021,3781.88
01/18/2021,3781.88
01/19/2021,3781.88
01/20/2021,3816.22
01/21/2021,3857.46
01/22/2021,3844.24
01/23/2021,3851.68
01/24/2021,3851.68
01/25/2021,3851.68
01/26/2021,3862.96
01/27/2021,3836.83
01/28/2021,3755.75
01/29/2021,3778.05
01/30/2021,3731.17
01/31/2021,3731.17
02/01/2021,3731.17
02/02/2021,3791.84
02/03/2021,3840.27
02/04/2021,3836.66
02/05/2021,3878.3
02/06/2021,3892.59
02/07/2021,3892.59
02/08/2021,3892.59
02/09/2021,3910.49
02/10/2021,3920.78
02/11/2021,3916.4
02/12/2021,3911.65
02/13/2021,3939.61
02/14/2021,3939.61
02/15/2021,3939.61
02/16/2021,3939.61
02/17/2021,3918.5
02/18/2021,3915.86
02/19/2021,3921.16
02/20/2021,3885.55
02/21/2021,3885.55
02/22/2021,3885.55
02/23/2021,3857.07
02/24/2021,3873.71
02/25/2021,3915.8
02/26/2021,3839.66
02/27/2021,3842.51
02/28/2021,3842.51
03/01/2021,3842.51
03/02/2021,3903.64
03/03/2021,3863.99
03/04/2021,3818.53
03/05/2021,3793.58
03/06/2021,3844.39
03/07/2021,3844.39
03/08/2021,3844.39
03/09/2021,3851.93
03/10/2021,3891.99
03/11/2021,3915.54
03/12/2021,3924.52
03/13/2021,3942.96
03/14/2021,3942.96
03/15/2021,3942.96
03/16/2021,3973.59
03/17/2021,3949.57
03/18/2021,3953.5
03/19/2021,3913.14
03/20/2021,3916.48
03/21/2021,3916.48
03/22/2021,3916.48
03/23/2021,3937.6
03/24/2021,3919.93
03/25/2021,3879.34
03/26/2021,3917.12
03/27/2021,3969.31
03/28/2021,3969.31
03/29/2021,3969.31
03/30/2021,3963.34
03/31/2021,3967.25
04/01/2021,3992.78
04/02/2021,4034.44
04/03/2021,4034.44
04/04/2021,4034.44
04/05/2021,4034.44
04/06/2021,4075.57
04/07/2021,4074.29
04/08/2021,4089.95
04/09/2021,4096.11
04/10/2021,4124.71
04/11/2021,4124.71
04/12/2021,4124.71
04/13/2021,4130.1
04/14/2021,4141.58
04/15/2021,4139.76
04/16/2021,4174.14
04/17/2021,4179.8
04/18/2021,4179.8
04/19/2021,4179.8
04/20/2021,4159.18
04/21/2021,4128.42
04/22/2021,4170.46
04/23/2021,4138.78
04/24/2021,4185.03
04/25/2021,4185.03
04/26/2021,4185.03
04/27/2021,4188.25
04/28/2021,4185.14
04/29/2021,4206.14
04/30/2021,4198.1
05/01/2021,4191.98
05/02/2021,4191.98
05/03/2021,4191.98
05/04/2021,4179.04
05/05/2021,4177.06
05/06/2021,4169.14
05/07/2021,4210.34
05/08/2021,4228.29
05/09/2021,4228.29
05/10/2021,4228.29
05/11/2021,4150.34
05/12/2021,4130.55
05/13/2021,4074.99
05/14/2021,4129.58
05/15/2021,4169.92
05/16/2021,4169.92
05/17/2021,4169.92
05/18/2021,4165.94
05/19/2021,4098.45
05/20/2021,4121.97
05/21/2021,4168.61
05/22/2021,4170.16
05/23/2021,4170.16
05/24/2021,4170.16
05/25/2021,4205.94
05/26/2021,4191.59
05/27/2021,4201.94
05/28/2021,4210.77
05/29/2021,4216.52
05/30/2021,4216.52
05/31/2021,4216.52
06/01/2021,4216.52
06/02/2021,4206.82
06/03/2021,4191.43
06/04/2021,4206.05
06/05/2021,4229.34
06/06/2021,4229.34
06/07/2021,4229.34
06/08/2021,4233.81
06/09/2021,4232.99
06/10/2021,4228.56
06/11/2021,4242.9
06/12/2021,4248.31
06/13/2021,4248.31
06/14/2021,4248.31
06/15/2021,4255.28
06/16/2021,4248.87
06/17/2021,4220.37
06/18/2021,4204.78
06/19/2021,4173.4
06/20/2021,4173.4
06/21/2021,4173.4
06/22/2021,4224.61
06/23/2021,4249.27
06/24/2021,4256.97
06/25/2021,4274.45
06/26/2021,4284.9
06/27/2021,4284.9
06/28/2021,4284.9
06/29/2021,4293.21
06/30/2021,4290.65
07/01/2021,4300.73
07/02/2021,4326.6
07/03/2021,4356.46
07/04/2021,4356.46
07/05/2021,4356.46
07/06/2021,4356.46
07/07/2021,4351.01
07/08/2021,4321.07
07/09/2021,4329.38
07/10/2021,4372.41
07/11/2021,4372.41
07/12/2021,4372.41
07/13/2021,4381.07
07/14/2021,4380.11
07/15/2021,4369.02
07/16/2021,4367.43
07/17/2021,4296.4
07/18/2021,4296.4
07/19/2021,4296.4
07/20/2021,4265.11
07/21/2021,4331.13
07/22/2021,4361.27
07/23/2021,4381.2
07/24/2021,4409.58
07/25/2021,4409.58
07/26/2021,4409.58
07/27/2021,4416.38
07/28/2021,4402.95
07/29/2021,4403.59
07/30/2021,4395.12
07/31/2021,4406.86
08/01/2021,4406.86
08/02/2021,4406.86
08/03/2021,4392.74
08/04/2021,4415.95
08/05/2021,4408.86
08/06/2021,4429.07
08/07/2021,4437.77
08/08/2021,4437.77
08/09/2021,4437.77
08/10/2021,4435.79
08/11/2021,4442.18
08/12/2021,4446.08
08/13/2021,4464.84
08/14/2021,4461.65
08/15/2021,4461.65
08/16/2021,4461.65
08/17/2021,4462.12
08/18/2021,4440.94
08/19/2021,4382.44
08/20/2021,4410.56
08/21/2021,4450.29
08/22/2021,4450.29
08/23/2021,4450.29
08/24/2021,4484.4
08/25/2021,4490.45
08/26/2021,4493.75
08/27/2021,4474.1
08/28/2021,4513.76
08/29/2021,4513.76
08/30/2021,4513.76
08/31/2021,4529.75
09/01/2021,4528.8
09/02/2021,4534.48
09/03/2021,4532.42
09/04/2021,4535.38
09/05/2021,4535.38
09/06/2021,4535.38
09/07/2021,4535.38
09/08/2021,4518.09
09/09/2021,4513.02
09/10/2021,4506.92
09/11/2021,4474.81
09/12/2021,4474.81
09/13/2021,4474.81
09/14/2021,4479.33
09/15/2021,4447.49
09/16/2021,4477.09
09/17/2021,4469.74
09/18/2021,4402.95
09/19/2021,4402.95
09/20/2021,4402.95
09/21/2021,4374.45
09/22/2021,4367.43
09/23/2021,4406.75
09/24/2021,4438.04
09/25/2021,4442.12
09/26/2021,4442.12
09/27/2021,4442.12
09/28/2021,4419.54
09/29/2021,4362.41
09/30/2021,4370.67
10/01/2021,4317.16
10/02/2021,4348.84
10/03/2021,4348.84
10/04/2021,4348.84
10/05/2021,4309.87
10/06/2021,4319.57
10/07/2021,4383.73
10/08/2021,4406.51
10/09/2021,4385.44
10/10/2021,4385.44
10/11/2021,4385.44
10/12/2021,4368.31
10/13/2021,4358.01
10/14/2021,4386.75
10/15/2021,4447.69
10/16/2021,4463.72
10/17/2021,4463.72
10/18/2021,4463.72
10/19/2021,4497.34
10/20/2021,4524.42
10/21/2021,4532.24
10/22/2021,4546.12
10/23/2021,4553.69
10/24/2021,4553.69
10/25/2021,4553.69
10/26/2021,4578.69
10/27/2021,4580.22
10/28/2021,4562.84
10/29/2021,4572.87
10/30/2021,4610.62
10/31/2021,4610.62
11/01/2021,4610.62
11/02/2021,4613.34
11/03/2021,4630.65
11/04/2021,4662.93
11/05/2021,4699.26
11/06/2021,4701.48
11/07/2021,4701.48
11/08/2021,4701.48
11/09/2021,4707.25
11/10/2021,4670.26
11/11/2021,4659.39
11/12/2021,4655.24
11/13/2021,4689.3
11/14/2021,4689.3
11/15/2021,4689.3
11/16/2021,4679.42
11/17/2021,4701.5
11/18/2021,4700.72
11/19/2021,4708.44
11/20/2021,4712.0
11/21/2021,4712.0
11/22/2021,4712.0
11/23/2021,4678.48
11/24/2021,4675.78
11/25/2021,4664.63
11/26/2021,4664.63
11/27/2021,4628.75
11/28/2021,4628.75
11/29/2021,4628.75
11/30/2021,4640.25
12/01/2021,4602.82
12/02/2021,4504.73
12/03/2021,4589.49
12/04/2021,4548.37
12/05/2021,4548.37
12/06/2021,4548.37
12/07/2021,4631.97
12/08/2021,4690.86
12/09/2021,4691.0
12/10/2021,4687.64
12/11/2021,4710.3
12/12/2021,4710.3
12/13/2021,4710.3
12/14/2021,4642.99
12/15/2021,4636.46
12/16/2021,4719.13
12/17/2021,4652.5
12/18/2021,4587.9
12/19/2021,4587.9
12/20/2021,4587.9
12/21/2021,4594.96
12/22/2021,4650.36
12/23/2021,4703.96
12/24/2021,4733.99
12/25/2021,4733.99
12/26/2021,4733.99
12/27/2021,4733.99
12/28/2021,4795.49
12/29/2021,4788.64
12/30/2021,4794.23
12/31/2021,4775.21
01/01/2022,4778.14
01/02/2022,4778.14
01/03/2022,4778.14
01/04/2022,4804.51
01/05/2022,4787.99
01/06/2022,4693.39
01/07/2022,4697.66
01/08/2022,4655.34
01/09/2022,4655.34
01/10/2022,4655.34
01/11/2022,4669.14
01/12/2022,4728.59
01/13/2022,4733.56
01/14/2022,4637.99
01/15/2022,4632.24
01/16/2022,4632.24
01/17/2022,4632.24
01/18/2022,4632.24
01/19/2022,4588.03
01/20/2022,4547.35
01/21/2022,4471.38
01/22/2022,4356.32
01/23/2022,4356.32
01/24/2022,4356.32
01/25/2022,4366.64
01/26/2022,4408.43
01/27/2022,4380.58
01/28/2022,4336.19
01/29/2022,4431.79
01/30/2022,4431.79
01/31/2022,4431.79
02/01/2022,4519.57
02/02/2022,4566.39
02/03/2022,4535.41
02/04/2022,4482.79
02/05/2022,4505.75
02/06/2022,4505.75
02/07/2022,4505.75
02/08/2022,4480.02
02/09/2022,4547.0
02/10/2022,4553.24
02/11/2022,4506.27
02/12/2022,4412.61
02/13/2022,4412.61
02/14/2022,4412.61
02/15/2022,4429.28
02/16/2022,4455.75
02/17/2022,4456.06
02/18/2022,4384.57
02/19/2022,4332.74
02/20/2022,4332.74
02/21/2022,4332.74
02/22/2022,4332.74
02/23/2022,4324.93
02/24/2022,4155.77
02/25/2022,4298.38
02/26/2022,4354.17
02/27/2022,4354.17
02/28/2022,4354.17
03/01/2022,4363.14
03/02/2022,4322.56
03/03/2022,4401.31
03/04/2022,4342.12
03/05/2022,4327.01
03/06/2022,4327.01
03/07/2022,4327.01
03/08/2022,4202.66
03/09/2022,4223.1
03/10/2022,4252.55
03/11/2022,4279.5
03/12/2022,4202.75
03/13/2022,4202.75
03/14/2022,4202.75
03/15/2022,4188.82
03/16/2022,4288.14
03/17/2022,4345.11
03/18/2022,4407.34
03/19/2022,4462.4
03/20/2022,4462.4
03/21/2022,4462.4
03/22/2022,4469.1
03/23/2022,4493.1
03/24/2022,4469.98
03/25/2022,4522.91
03/26/2022,4541.09
03/27/2022,4541.09
03/28/2022,4541.09
03/29/2022,4602.86
03/30/2022,4624.2
03/31/2022,4599.02
04/01/2022,4540.32
04/02/2022,4547.97
04/03/2022,4547.97
04/04/2022,4547.97
04/05/2022,4572.45
04/06/2022,4494.17
04/07/2022,4474.65
04/08/2022,4494.15
04/09/2022,4462.64
04/10/2022,4462.64
04/11/2022,4462.64
04/12/2022,4437.59
04/13/2022,4394.3
04/14/2022,4449.12
04/15/2022,4385.63
04/16/2022,4385.63
04/17/2022,4385.63
04/18/2022,4385.63
04/19/2022,4390.63
04/20/2022,4472.26
04/21/2022,4489.17
04/22/2022,4385.83
04/23/2022,4255.34
04/24/2022,4255.34
04/25/2022,4255.34
04/26/2022,4278.14
04/27/2022,4186.52
04/28/2022,4222.58
04/29/2022,4253.75
04/30/2022,4130.61
05/01/2022,4130.61
05/02/2022,4130.61
